Athlete, Reaction, Time, 10m, 20m, 30m, 40m, 50m, 60m, 70m, 80m, 90m, 100m
Valeriy Borzov, , 10.14, 1.91, 1.04, 0.96, 0.91, 0.90, 0.86, 0.88, 0.89, 0.89, 0.90
Jamie Henderson, , 10.34, 1.92, 1.07, 0.99, 0.87, 0.89, 0.91, 0.91, 0.99, 0.86, 0.93
Stanley Kerr, , 10.23, 2.01, 1.08, 0.94, 0.87, 0.87, 0.87, 0.90, 0.95, 0.82, 0.92
Derrick Florence, , 10.17, 1.93, 1.07, 0.97, 0.86, 0.89, 0.89, 0.85, 0.97, 0.82, 0.92
Raymond Stewart, , 10.23, 1.99, 1.06, 0.95, 0.92, 0.87, 0.86, 0.87, 0.87, 0.89, 0.95
Ben Johnson, , 10.24, 1.91, 1.02, 0.94, 0.91, 0.89, 0.88, 0.89, 0.90, 0.92, 0.98
Carl Lewis, , 10.05, 1.92, 1.06, 0.95, 0.89, 0.88, 0.87, 0.85, 0.85, 0.86, 0.92
Christian Haas, 0.176, 10.65, 1.814, 1.08, 1.02, 0.92, 0.93, 0.94, 0.93, 0.94, 0.95, 0.95
Carl Lewis, , 10.38, 2.01, 1.06, 0.98, 0.93, 0.90, 0.89, 0.89, 0.90, 0.90, 0.92
Ben Johnson, , 10.14, 1.88, 1.00, 0.94, 0.90, 0.88, 0.88, 0.87, 0.90, 0.91, 0.98
Raymond Stewart, , 10.14, 1.92, 1.05, 0.95, 0.91, 0.89, 0.87, 0.87, 0.87, 0.88, 0.93
Ben Johnson, , 10.15, 1.84, 1.04, 0.95, 0.92, 0.89, 0.87, 0.87, 0.88, 0.89, 1.00
Raymond Stewart, , 10.12, 1.94, 1.06, 0.96, 0.90, 0.88, 0.86, 0.87, 0.88, 0.88, 0.89
Carl Lewis, , 10.03, 1.94, 1.06, 0.98, 0.88, 0.87, 0.86, 0.85, 0.86, 0.85, 0.88
Lee McRae, 0.225, 10.34, 1.695, 1.06, 0.96, 0.93, 0.90, 0.89, 0.92, 0.92, 0.92, 0.92
Viktor Bryzgin, 0.139, 10.25, 1.801, 1.06, 0.97, 0.90, 0.90, 0.89, 0.90, 0.89, 0.90, 0.90
Attila Kovács, 0.201, 10.20, 1.769, 1.04, 0.97, 0.91, 0.88, 0.90, 0.88, 0.89, 0.89, 0.87
Linford Christie, 0.155, 10.14, 1.815, 1.04, 0.96, 0.90, 0.89, 0.86, 0.87, 0.88, 0.89, 0.88
Raymond Stewart, 0.235, 10.08, 1.755, 1.05, 0.94, 0.91, 0.87, 0.86, 0.87, 0.86, 0.87, 0.86
Carl Lewis, 0.196, 9.93, 1.744, 1.02, 0.95, 0.87, 0.86, 0.86, 0.86, 0.86, 0.85, 0.86
Ben Johnson, 0.109, 9.83, 1.731, 1.02, 0.94, 0.87, 0.86, 0.85, 0.85, 0.87, 0.86, 0.87
John Myles-Mills, , 10.43, 2.01, 1.05, 0.95, 0.90, 0.90, 0.90, 0.92, 0.93, 0.93, 0.94
Mardi Lestari, , 10.39, 2.01, 1.05, 0.94, 0.90, 0.90, 0.89, 0.91, 0.92, 0.93, 0.94
Olapade Adeniken, , 10.33, 1.99, 1.07, 0.96, 0.90, 0.90, 0.88, 0.90, 0.91, 0.91, 0.91
Arnaldo Oliveira Silva, , 10.32, 1.93, 1.04, 0.96, 0.91, 0.91, 0.89, 0.92, 0.92, 0.92, 0.92
Desai Williams, , 10.24, 1.89, 1.03, 0.93, 0.90, 0.90, 0.88, 0.91, 0.92, 0.92, 0.96
Calvin Smith, , 10.15, 1.95, 1.04, 0.94, 0.91, 0.90, 0.88, 0.88, 0.87, 0.87, 0.91
Carl Lewis, , 9.97, 1.95, 1.04, 0.94, 0.88, 0.88, 0.86, 0.86, 0.85, 0.85, 0.86
Isiak Adeyanju, , 10.60, 1.91, 1.06, 0.97, 0.94, 0.94, 0.93, 0.96, 0.96, 0.96, 0.97
Juan Núñez, , 10.35, 1.97, 1.04, 0.93, 0.93, 0.92, 0.89, 0.91, 0.91, 0.92, 0.93
Attila Kovács, , 10.31, 1.97, 1.05, 0.95, 0.92, 0.92, 0.89, 0.89, 0.90, 0.90, 0.92
Robson Caetano da Silva, , 10.24, 1.97, 1.04, 0.95, 0.90, 0.90, 0.88, 0.90, 0.90, 0.89, 0.91
Dennis Mitchell, , 10.23, 1.91, 1.04, 0.93, 0.91, 0.91, 0.89, 0.90, 0.91, 0.91, 0.92
Linford Christie, , 10.11, 1.92, 1.04, 0.94, 0.90, 0.89, 0.87, 0.88, 0.88, 0.88, 0.91
Ben Johnson, , 10.03, 1.89, 1.03, 0.90, 0.88, 0.88, 0.86, 0.88, 0.88, 0.90, 0.93
Desai Williams, 0.149, 10.11, 1.731, 1.04, 0.94, 0.89, 0.86, 0.86, 0.90, 0.90, 0.91, 0.93
Robson Caetano da Silva, 0.155, 10.11, 1.765, 1.05, 0.96, 0.90, 0.87, 0.87, 0.88, 0.88, 0.89, 0.89
Dennis Mitchell, 0.186, 10.04, 1.734, 1.05, 0.96, 0.90, 0.86, 0.85, 0.87, 0.87, 0.88, 0.88
Calvin Smith, 0.176, 9.99, 1.744, 1.03, 0.95, 0.89, 0.86, 0.85, 0.86, 0.87, 0.87, 0.89
Linford Christie, 0.138, 9.97, 1.782, 1.05, 0.95, 0.89, 0.85, 0.84, 0.86, 0.86, 0.87, 0.88
Carl Lewis, 0.136, 9.92, 1.754, 1.07, 0.94, 0.89, 0.86, 0.83, 0.85, 0.85, 0.86, 0.88
Ben Johnson, 0.132, 9.79, 1.698, 1.04, 0.93, 0.86, 0.84, 0.83, 0.84, 0.85, 0.87, 0.90
Marc Blume, , 10.64, 1.96, 1.07, 1.01, 0.94, 0.90, 0.94, 0.94, 0.94, 0.95, 0.99
Bruny Surin, 0.148, 10.14, 1.732, 1.07, 0.92, 0.90, 0.89, 0.90, 0.88, 0.87, 0.91, 0.92
Raymond Stewart, 0.114, 9.96, 1.696, 1.07, 0.91, 0.89, 0.86, 0.87, 0.88, 0.87, 0.90, 0.90
Frank Fredericks, 0.151, 9.95, 1.709, 1.06, 0.92, 0.89, 0.87, 0.87, 0.86, 0.85, 0.89, 0.88
Linford Christie, 0.126, 9.92, 1.724, 1.06, 0.92, 0.89, 0.85, 0.86, 0.86, 0.85, 0.90, 0.88
Dennis Mitchell, 0.090, 9.91, 1.710, 1.07, 0.93, 0.88, 0.87, 0.87, 0.86, 0.86, 0.88, 0.89
Leroy Burrell, 0.120, 9.88, 1.710, 1.06, 0.91, 0.88, 0.87, 0.86, 0.87, 0.84, 0.89, 0.87
Carl Lewis, 0.140, 9.86, 1.740, 1.08, 0.92, 0.89, 0.84, 0.85, 0.84, 0.83, 0.87, 0.86
Wenzhong Chen, , 10.38, 1.86, 1.06, 0.96, 0.92, 0.90, 0.92, 0.93, 0.93, 0.93, 0.97
Dennis Mitchell, 0.145, 9.99, 1.695, 1.03, 0.94, 0.89, 0.87, 0.87, 0.87, 0.87, 0.88, 0.93
Ato Boldon, 0.164, 9.90, 1.726, 1.02, 0.92, 0.88, 0.85, 0.84, 0.85, 0.87, 0.88, 0.90
Frank Fredericks, 0.143, 9.89, 1.697, 1.03, 0.93, 0.89, 0.86, 0.86, 0.86, 0.86, 0.87, 0.89
Donovan Bailey, 0.174, 9.84, 1.726, 1.03, 0.91, 0.87, 0.84, 0.84, 0.85, 0.85, 0.86, 0.89
Donovan Bailey, , 9.94, 1.92, 1.02, 0.91, 0.87, 0.86, 0.85, 0.88, 0.87, 0.88, 0.88
Davidson Ezinwa, 0.135, 9.96, 1.635, 1.05, 0.94, 0.89, 0.87, 0.87, 0.87, 0.88, 0.89, 0.93
Ato Boldon, 0.123, 9.90, 1.597, 1.05, 0.93, 0.89, 0.87, 0.87, 0.87, 0.88, 0.90, 0.92
Frank Fredericks, 0.129, 9.82, 1.601, 1.04, 0.93, 0.89, 0.87, 0.86, 0.86, 0.87, 0.88, 0.89
Tim Montgomery, 0.134, 9.80, 1.596, 1.03, 0.93, 0.88, 0.86, 0.86, 0.86, 0.87, 0.88, 0.90
Donovan Bailey, 0.145, 9.76, 1.625, 1.03, 0.91, 0.87, 0.85, 0.85, 0.85, 0.86, 0.87, 0.90
Maurice Greene, 0.134, 9.73, 1.576, 1.04, 0.92, 0.88, 0.87, 0.85, 0.85, 0.86, 0.87, 0.88
Maurice Greene, 0.162, 9.79, 1.698, 1.03, 0.92, 0.88, 0.88, 0.83, 0.83, 0.86, 0.85, 0.85
Kareem Streete-Thompson, 0.173, 10.07, 1.627, 1.02, 0.94, 0.90, 0.90, 0.88, 0.88, 0.89, 0.93, 0.93
Jason Gardener, 0.142, 9.93, 1.628, 1.02, 0.92, 0.90, 0.89, 0.87, 0.88, 0.89, 0.89, 0.90
Tim Montgomery, 0.136, 9.90, 1.624, 1.04, 0.93, 0.89, 0.89, 0.86, 0.87, 0.88, 0.89, 0.89
Tim Harden, 0.136, 9.88, 1.594, 1.02, 0.92, 0.90, 0.89, 0.86, 0.87, 0.89, 0.89, 0.91
Dwain Chambers, 0.140, 9.83, 1.590, 1.02, 0.92, 0.90, 0.86, 0.85, 0.87, 0.89, 0.89, 0.90
Bruny Surin, 0.127, 9.71, 1.623, 1.00, 0.91, 0.89, 0.85, 0.85, 0.86, 0.86, 0.86, 0.88
Maurice Greene, 0.132, 9.67, 1.598, 1.03, 0.92, 0.88, 0.86, 0.84, 0.85, 0.85, 0.85, 0.86
Maurice Greene, 0.197, 9.87, 1.743, 1.02, 0.92, 0.90, 0.85, 0.82, 0.83, 0.84, 0.85, 0.90
Tim Montgomery, 0.157, 9.85, 1.703, 1.02, 0.95, 0.90, 0.86, 0.85, 0.84, 0.85, 0.85, 0.87
Maurice Greene, 0.132, 9.82, 1.698, 1.00, 0.92, 0.89, 0.86, 0.85, 0.84, 0.86, 0.86, 0.91
Jon Drummond, 0.131, 9.97, 1.759, 1.02, 0.93, 0.89, 0.87, 0.84, 0.86, 0.87, 0.90, 0.90
Dwain Chambers, 0.140, 9.87, 1.750, 1.03, 0.92, 0.88, 0.85, 0.84, 0.85, 0.85, 0.87, 0.89
Tim Montgomery, 0.104, 9.78, 1.786, 1.03, 0.91, 0.87, 0.84, 0.83, 0.84, 0.84, 0.85, 0.88
Mardy Scales, , 10.32, 1.92, 1.15, 0.93, 0.89, 0.93, 0.87, 0.91, 0.90, 0.92, 0.90
Monzavous Edwards, , 10.25, 2.00, 1.07, 0.97, 0.91, 0.89, 0.85, 0.86, 0.88, 0.89, 0.93
Joshua Johnson, , 10.24, 2.05, 1.07, 0.97, 0.91, 0.87, 0.87, 0.86, 0.88, 0.88, 0.88
Jon Drummond, , 10.18, 1.89, 1.06, 0.97, 0.90, 0.90, 0.89, 0.85, 0.91, 0.92, 0.89
Tim Montgomery, , 10.15, 1.97, 1.10, 0.95, 0.90, 0.89, 0.86, 0.85, 0.89, 0.87, 0.87
Bernard Williams, , 10.11, 1.94, 1.04, 0.97, 0.89, 0.88, 0.84, 0.86, 0.89, 0.88, 0.92
Paul Smith, , 10.84, 2.02, 1.10, 1.02, 0.95, 0.95, 0.95, 0.94, 0.95, 1.00, 0.96
Ronald Hill, , 10.83, 2.02, 1.10, 1.03, 0.97, 0.92, 0.95, 0.93, 0.97, 0.95, 0.99
Jerry Mathis, , 10.78, 2.04, 1.18, 1.02, 0.97, 0.93, 0.90, 0.92, 0.93, 0.94, 0.95
Jerald Watson, , 10.72, 2.00, 1.12, 0.98, 0.94, 0.93, 0.94, 0.90, 0.96, 0.97, 0.98
Garry Jones, , 10.60, 2.00, 1.07, 0.98, 0.92, 0.94, 0.90, 0.91, 0.95, 0.96, 0.97
Earvin Parker, , 10.48, 1.93, 1.15, 0.99, 0.93, 0.92, 0.92, 0.88, 0.92, 0.90, 0.94
Willie Hordge, , 10.48, 2.02, 1.08, 0.97, 0.97, 0.89, 0.89, 0.90, 0.92, 0.93, 0.91
Kenny Neal, , 10.40, 2.00, 1.07, 0.98, 0.91, 0.91, 0.87, 0.88, 0.94, 0.93, 0.91
Carlos Moore, , 10.38, 1.98, 1.02, 0.97, 0.94, 0.90, 0.89, 0.89, 0.95, 0.91, 0.93
Leonard Scott, 0.177, 10.35, 1.803, 1.02, 0.93, 0.90, 0.87, 0.92, 0.87, 0.91, 0.94, 1.01
Tim Montgomery, 0.188, 10.13, 1.792, 1.02, 0.97, 0.87, 0.87, 0.90, 0.84, 0.87, 0.89, 0.92
Bernard Williams, 0.129, 10.04, 1.771, 1.05, 0.93, 0.89, 0.85, 0.88, 0.86, 0.86, 0.90, 0.92
John Capel, 0.146, 10.02, 1.804, 0.99, 0.93, 0.90, 0.85, 0.88, 0.87, 0.87, 0.87, 0.91
Coby Miller, 0.152, 9.99, 1.808, 1.01, 0.93, 0.88, 0.84, 0.88, 0.85, 0.85, 0.88, 0.91
Shawn Crawford, 0.179, 9.93, 1.771, 1.05, 0.91, 0.87, 0.85, 0.86, 0.85, 0.85, 0.86, 0.88
Justin Gatlin, 0.157, 9.92, 1.783, 1.00, 0.93, 0.88, 0.85, 0.87, 0.85, 0.85, 0.87, 0.88
Maurice Greene, 0.126, 9.91, 1.814, 0.98, 0.95, 0.87, 0.87, 0.86, 0.84, 0.86, 0.85, 0.89
Asafa Powell, 0.150, 9.77, 1.740, 1.02, 0.92, 0.86, 0.85, 0.85, 0.84, 0.84, 0.85, 0.85
Otis McDaniel, , 11.11, 2.05, 1.11, 1.03, 0.98, 0.99, 0.95, 0.92, 0.97, 1.03, 1.08
Cedric Harris, , 10.83, 2.00, 1.10, 0.96, 0.97, 0.93, 0.93, 0.92, 1.00, 1.02, 1.00
Tremaine Smith, , 10.78, 2.04, 1.08, 1.02, 0.93, 0.95, 0.94, 0.93, 0.95, 0.94, 1.00
Jerod Wims, , 10.71, 1.92, 1.15, 0.99, 0.99, 0.93, 0.91, 0.92, 0.98, 0.95, 0.97
Ahmad Rashad, , 10.67, 1.98, 1.14, 0.97, 0.96, 0.92, 0.93, 0.90, 0.94, 0.95, 0.98
Matthieu Pritchett, , 10.63, 1.95, 1.09, 1.02, 0.96, 0.92, 0.91, 0.93, 0.95, 0.93, 0.97
J-Mee Samuels, , 10.58, 1.97, 1.05, 0.97, 0.95, 0.91, 0.92, 0.93, 0.94, 0.97, 0.97
DaBryan Blanton, , 10.46, 2.00, 1.04, 0.94, 0.94, 0.92, 0.90, 0.90, 0.93, 0.94, 0.95
Mardy Scales, , 10.36, 1.91, 1.08, 0.95, 0.91, 0.89, 0.92, 0.90, 0.91, 0.94, 0.95
Monzavous Edwards, , 10.35, 2.00, 1.07, 0.95, 0.92, 0.90, 0.91, 0.87, 0.92, 0.89, 0.92
Mark Jelks, , 10.32, 1.91, 1.07, 0.96, 0.93, 0.92, 0.90, 0.87, 0.93, 0.91, 0.92
Walter Dix, , 10.29, 1.96, 1.08, 0.95, 0.92, 0.90, 0.88, 0.88, 0.92, 0.89, 0.91
Leonard Scott, , 10.18, 1.90, 1.02, 0.90, 0.92, 0.88, 0.87, 0.88, 0.94, 0.92, 0.95
Shawn Crawford, , 10.17, 1.97, 1.05, 0.97, 0.89, 0.89, 0.89, 0.85, 0.90, 0.88, 0.88
Justin Gatlin, , 10.08, 1.97, 1.05, 0.93, 0.89, 0.88, 0.86, 0.85, 0.90, 0.89, 0.86
Shingo Suetsugu, , 10.26, 1.97, 1.05, 0.94, 0.91, 0.89, 0.88, 0.89, 0.89, 0.92, 0.92
Marcus Brunson, , 10.12, 1.97, 1.03, 0.93, 0.89, 0.87, 0.87, 0.88, 0.88, 0.89, 0.91
Justin Gatlin, , 9.95, 1.93, 1.02, 0.93, 0.89, 0.86, 0.86, 0.86, 0.86, 0.86, 0.88
Oluji Fasuba, 0.158, 9.85, 1.672, 1.02, 0.94, 0.86, 0.85, 0.85, 0.86, 0.87, 0.88, 0.89
Justin Gatlin, , 9.77, 1.93, 1.05, 0.91, 0.85, 0.84, 0.81, 0.82, 0.86, 0.84, 0.86
Asafa Powell, 0.145, 9.77, 1.715, 1.02, 0.93, 0.87, 0.85, 0.84, 0.84, 0.85, 0.85, 0.86
J-Mee Samuels, , 11.01, 1.97, 1.03, 0.95, 0.92, 0.89, 0.90, 0.91, 0.98, 1.14, 1.32
Dominique Worsley, , 10.58, 2.04, 1.06, 1.00, 0.94, 0.92, 0.90, 0.89, 0.89, 0.98, 0.96
Scott Wims, , 10.46, 2.01, 1.09, 0.96, 0.93, 0.90, 0.90, 0.92, 0.90, 0.93, 0.92
Brandon Myers, , 10.46, 2.00, 1.07, 0.97, 0.92, 0.93, 0.87, 0.90, 0.90, 0.95, 0.95
Evander Wells, , 10.45, 2.00, 1.04, 0.95, 0.92, 0.88, 0.93, 0.89, 0.93, 0.96, 0.95
Odell Harris, , 10.40, 2.00, 1.07, 0.96, 0.93, 0.86, 0.89, 0.90, 0.92, 0.96, 0.91
Gordon McKenzie, , 10.30, 1.97, 1.05, 0.97, 0.90, 0.87, 0.88, 0.90, 0.90, 0.96, 0.90
Willie Perry, , 10.12, 2.02, 1.07, 0.92, 0.93, 0.85, 0.87, 0.85, 0.85, 0.88, 0.88
Jeff Laynes, , 10.44, 1.95, 1.04, 0.96, 0.92, 0.89, 0.91, 0.92, 0.92, 0.96, 0.97
Trell Kimmons, , 10.36, 1.94, 1.03, 0.95, 0.92, 0.88, 0.93, 0.89, 0.93, 0.92, 0.97
Demi Omole, , 10.35, 1.96, 1.03, 0.93, 0.90, 0.89, 0.93, 0.90, 0.92, 0.97, 0.92
Mardy Scales, , 10.34, 1.94, 1.06, 0.94, 0.92, 0.90, 0.89, 0.89, 0.92, 0.93, 0.95
Bernard Williams, , 10.33, 1.95, 1.07, 1.02, 0.85, 0.91, 0.87, 0.90, 0.90, 0.92, 0.94
Shawn Crawford, , 10.30, 1.98, 1.06, 0.95, 0.92, 0.88, 0.87, 0.90, 0.88, 0.92, 0.94
Justin Gatlin, , 9.99, 1.90, 1.02, 0.95, 0.85, 0.89, 0.86, 0.85, 0.87, 0.88, 0.92
John Woods, , 10.45, 1.95, 1.08, 0.97, 0.90, 0.94, 0.90, 0.91, 0.92, 0.96, 0.92
DaBryan Blanton, , 10.43, 1.97, 1.07, 0.91, 0.91, 0.89, 0.91, 0.93, 0.93, 0.97, 0.94
Kelly Willie, , 10.32, 1.95, 1.10, 0.92, 0.90, 0.87, 0.90, 0.88, 0.92, 0.95, 0.93
Kaaron Conwright, , 10.26, 1.93, 1.04, 0.95, 0.90, 0.90, 0.90, 0.88, 0.92, 1.14, 0.70
Jason Smoots, , 10.25, 1.96, 1.08, 0.91, 0.89, 0.88, 0.89, 0.88, 0.90, 0.95, 0.91
Jordan Vaden, , 10.24, 1.90, 1.07, 0.93, 0.92, 0.89, 0.88, 0.87, 0.92, 0.95, 0.91
Tyson Gay, , 10.15, 1.93, 1.05, 0.94, 0.90, 0.87, 0.86, 0.87, 0.89, 0.92, 0.92
Mardy Scales, , 10.43, 1.97, 1.06, 0.93, 0.91, 0.90, 0.93, 0.89, 0.90, 0.99, 0.95
Bernard Williams, , 10.36, 2.00, 1.07, 0.90, 0.92, 0.87, 0.90, 0.90, 0.88, 0.99, 0.93
Kaaron Conwright, , 10.33, 1.95, 1.05, 0.96, 0.88, 0.90, 0.90, 0.90, 0.94, 0.91, 0.94
Jason Smoots, , 10.29, 1.97, 1.05, 0.95, 0.90, 0.89, 0.90, 0.86, 0.91, 0.91, 0.95
Jordan Vaden, , 10.27, 2.01, 1.07, 0.93, 0.88, 0.90, 0.90, 0.85, 0.94, 0.88, 0.91
Shawn Crawford, , 10.26, 1.99, 1.05, 0.93, 0.87, 0.92, 0.88, 0.86, 0.89, 0.94, 0.93
Tyson Gay, , 10.07, 1.99, 1.05, 0.92, 0.86, 0.89, 0.86, 0.84, 0.86, 0.91, 0.89
Justin Gatlin, , 9.93, 1.92, 1.06, 0.89, 0.86, 0.86, 0.87, 0.83, 0.87, 0.90, 0.87
Tyson Gay, 0.152, 9.84, 1.748, 1.03, 0.94, 0.88, 0.86, 0.85, 0.84, 0.84, 0.85, 0.85
Asafa Powell, 0.148, 9.77, 1.722, 1.02, 0.92, 0.87, 0.84, 0.84, 0.84, 0.85, 0.86, 0.86
Naoki Tsukahara, , 10.26, 1.97, 1.05, 0.94, 0.91, 0.89, 0.88, 0.89, 0.89, 0.92, 0.92
Shingo Suetsugu, , 10.12, 1.97, 1.03, 0.93, 0.89, 0.87, 0.87, 0.88, 0.88, 0.89, 0.91
Kazuki Ishikura, , 10.50, 1.94, 1.06, 0.98, 0.95, 0.92, 0.91, 0.90, 0.92, 0.95, 0.97
Nobuharu Asahara, , 10.18, 1.91, 1.04, 0.95, 0.90, 0.89, 0.87, 0.89, 0.89, 0.91, 0.93
Naoki Tsukahara, , 10.45, 1.97, 1.06, 0.97, 0.93, 0.92, 0.91, 0.91, 0.91, 0.93, 0.94
Nobuharu Asahara, , 10.38, 1.94, 1.06, 0.95, 0.91, 0.90, 0.90, 0.90, 0.92, 0.93, 0.97
Shingo Suetsugu, , 10.23, 1.94, 1.04, 0.95, 0.91, 0.89, 0.88, 0.89, 0.89, 0.91, 0.93
Masashi Eriguchi, , 10.53, 1.94, 1.09, 0.96, 0.92, 0.92, 0.92, 0.92, 0.94, 0.95, 0.97
Masahide Ueno, , 10.50, 1.92, 1.09, 0.98, 0.92, 0.92, 0.92, 0.92, 0.93, 0.94, 0.96
Shigeyuki Kojima, , 10.50, 1.89, 1.09, 0.98, 0.93, 0.92, 0.92, 0.92, 0.93, 0.95, 0.97
Nobuharu Asahara, , 10.39, 1.91, 1.05, 0.96, 0.91, 0.91, 0.90, 0.91, 0.92, 0.94, 0.98
Naoki Tsukahara, , 10.34, 1.92, 1.07, 0.96, 0.93, 0.91, 0.90, 0.89, 0.91, 0.92, 0.93
Nobuharu Asahara, 0.147, 10.14, 1.753, 1.04, 0.94, 0.89, 0.87, 0.87, 0.87, 0.89, 0.91, 0.96
Olusoji Fasuba, 0.190, 10.27, 1.760, 1.07, 0.94, 0.91, 0.89, 0.89, 0.89, 0.90, 0.92, 0.91
Derrick Atkins, 0.158, 10.25, 1.762, 1.08, 0.96, 0.92, 0.89, 0.88, 0.89, 0.89, 0.90, 0.92
Marlon Devonish, 0.138, 10.13, 1.782, 1.05, 0.94, 0.89, 0.88, 0.88, 0.87, 0.88, 0.89, 0.93
Asafa Powell, 0.165, 10.34, 1.715, 1.03, 0.97, 0.89, 0.91, 0.90, 0.91, 0.93, 0.94, 0.98
Naoki Tsukahara, 0.132, 10.20, 1.738, 1.05, 0.95, 0.91, 0.90, 0.89, 0.90, 0.89, 0.91, 0.93
Nobuharu Asahara, 0.143, 10.16, 1.767, 1.04, 0.95, 0.90, 0.89, 0.88, 0.87, 0.89, 0.91, 0.92
Derrick Atkins, 0.150, 10.02, 1.740, 1.04, 0.95, 0.88, 0.87, 0.86, 0.86, 0.86, 0.88, 0.93
Asafa Powell, 0.150, 10.01, 1.700, 1.03, 0.92, 0.87, 0.86, 0.86, 0.85, 0.89, 0.92, 0.96
Oljusoji Fasuba, 0.181, 10.24, 1.759, 1.05, 0.94, 0.90, 0.89, 0.88, 0.89, 0.90, 0.91, 0.94
Marlon Devonish, 0.154, 10.13, 1.796, 1.04, 0.94, 0.90, 0.88, 0.88, 0.87, 0.87, 0.89, 0.91
Tyson Gay, 0.203, 10.06, 1.767, 1.05, 0.93, 0.88, 0.86, 0.86, 0.86, 0.86, 0.87, 0.92
Churandy Martina, 0.141, 10.10, 1.819, 1.03, 0.95, 0.90, 0.88, 0.86, 0.87, 0.86, 0.88, 0.91
Naoki Tsukahara, 0.154, 10.31, 1.766, 1.04, 0.95, 0.92, 0.90, 0.89, 0.91, 0.91, 0.92, 0.95
Nobuharu Asahara, 0.161, 10.36, 1.779, 1.05, 0.95, 0.91, 0.90, 0.89, 0.90, 0.91, 0.93, 0.98
Asafa Powell, 0.156, 10.08, 1.734, 1.04, 0.91, 0.87, 0.86, 0.87, 0.88, 0.90, 0.92, 0.94
Derrick Atkins, 0.166, 10.04, 1.754, 1.05, 0.93, 0.89, 0.87, 0.86, 0.85, 0.87, 0.87, 0.93
Oljusoji Fasuba, 0.140, 10.18, 1.760, 1.04, 0.95, 0.89, 0.89, 0.89, 0.88, 0.90, 0.91, 0.93
Churandy Martina, 0.182, 10.15, 1.788, 1.07, 0.95, 0.91, 0.88, 0.87, 0.86, 0.87, 0.88, 0.89
Marlon Devonish, 0.154, 10.12, 1.776, 1.06, 0.94, 0.90, 0.88, 0.87, 0.87, 0.88, 0.89, 0.90
Tyson Gay, 0.170, 10.00, 1.780, 1.05, 0.93, 0.89, 0.87, 0.85, 0.85, 0.86, 0.87, 0.88
Marlon Devonish, 0.149, 10.14, 1.831, 1.01, 0.96, 0.89, 0.89, 0.87, 0.87, 0.88, 0.88, 0.91
Churandy Martina, 0.180, 10.08, 1.890, 1.03, 0.94, 0.88, 0.87, 0.85, 0.86, 0.85, 0.86, 0.87
Asafa Powell, 0.145, 9.96, 1.725, 1.04, 0.92, 0.88, 0.86, 0.85, 0.86, 0.87, 0.88, 0.93
Derrick Atkins, 0.137, 9.91, 1.763, 1.03, 0.94, 0.88, 0.87, 0.85, 0.86, 0.85, 0.86, 0.87
Tyson Gay, 0.143, 9.85, 1.757, 1.04, 0.92, 0.87, 0.86, 0.85, 0.84, 0.85, 0.86, 0.86
Naoki Tsukahara, , 10.51, 1.99, 1.06, 0.97, 0.93, 0.91, 0.91, 0.92, 0.92, 0.94, 0.96
Tyson Gay, , 10.23, 1.98, 1.07, 0.95, 0.91, 0.88, 0.88, 0.88, 0.88, 0.89, 0.91
Nobuharu Asahara, , 10.17, 1.92, 1.04, 0.95, 0.92, 0.89, 0.89, 0.88, 0.88, 0.89, 0.91
Shin Sugawara, , 10.63, 1.96, 1.09, 0.98, 0.94, 0.93, 0.93, 0.92, 0.94, 0.94, 1.00
Shintaro Kimura, , 10.50, 1.90, 1.06, 0.96, 0.92, 0.91, 0.93, 0.93, 0.95, 0.96, 0.98
Shinji Takahira, , 10.29, 1.93, 1.05, 0.94, 0.92, 0.90, 0.89, 0.91, 0.91, 0.91, 0.93
Kazuaki Iwamoto, , 10.39, 1.93, 1.08, 0.97, 0.93, 0.91, 0.89, 0.90, 0.92, 0.92, 0.94
Shintaro Kimura, , 10.36, 1.92, 1.05, 0.96, 0.92, 0.91, 0.90, 0.91, 0.92, 0.93, 0.94
Kazuyoshi Hidaka, , 10.36, 1.89, 1.06, 0.96, 0.92, 0.91, 0.90, 0.91, 0.92, 0.93, 0.96
Shinji Takahira, , 10.20, 1.93, 1.05, 0.96, 0.91, 0.89, 0.88, 0.88, 0.89, 0.90, 0.91
Tadashi Imori, , 10.69, 1.93, 1.06, 0.98, 0.94, 0.93, 0.94, 0.95, 0.97, 0.98, 1.01
Sompuote Suwannarangsri, , 10.68, 1.97, 1.07, 0.97, 0.93, 0.93, 0.91, 0.93, 0.96, 0.97, 1.04
Aaron Rouge-Serret, , 10.62, 1.97, 1.07, 0.97, 0.93, 0.92, 0.92, 0.93, 0.93, 0.95, 1.03
Yuta Kanno, , 10.58, 1.96, 1.06, 0.96, 0.94, 0.93, 0.93, 0.93, 0.94, 0.96, 0.97
Yanan Xing, , 10.49, 1.97, 1.05, 0.96, 0.92, 0.91, 0.91, 0.92, 0.93, 0.95, 0.97
Nobuharu Asahara, , 10.83, 1.95, 1.09, 0.99, 0.95, 0.94, 0.93, 0.95, 0.95, 1.00, 1.08
Kazuki Ishikura, , 10.78, 1.91, 1.09, 1.01, 0.95, 0.95, 0.94, 0.95, 0.96, 0.99, 1.03
Naoki Tsukahara, , 10.71, 1.92, 1.09, 1.00, 0.95, 0.93, 0.94, 0.94, 0.95, 0.98, 1.01
Masahide Ueno, , 10.55, 1.99, 1.04, 0.94, 0.93, 0.91, 0.92, 0.92, 0.94, 0.96, 1.00
Shingo Suetsugu, , 10.55, 1.95, 1.08, 0.97, 0.93, 0.91, 0.91, 0.92, 0.93, 0.96, 0.99
Devon Smith, , 10.68, 1.97, 1.08, 0.97, 0.93, 0.92, 0.93, 0.94, 0.97, 0.98, 0.99
Curtis Mitchell, , 10.54, 2.04, 1.06, 1.03, 0.92, 0.88, 0.91, 0.91, 0.90, 0.91, 0.98
Justin Murdock, , 10.45, 1.97, 1.08, 0.92, 0.94, 0.89, 0.90, 0.92, 0.92, 0.96, 0.95
Dante Sales, , 10.44, 1.93, 1.07, 0.98, 0.92, 0.89, 0.90, 0.92, 0.90, 0.97, 0.96
Ryan Bailey, , 10.34, 2.00, 1.09, 0.96, 0.90, 0.90, 0.89, 0.88, 0.92, 0.89, 0.91
Antonio Sales, , 10.33, 2.04, 1.05, 0.95, 0.94, 0.89, 0.87, 0.89, 0.87, 0.91, 0.92
Terrell Wilks, , 10.19, 1.97, 1.05, 0.96, 0.89, 0.88, 0.85, 0.89, 0.88, 0.91, 0.91
Shigeyuki Kojima, , 10.52, 1.94, 1.07, 0.97, 0.93, 0.92, 0.91, 0.92, 0.94, 0.95, 0.97
Shintaro Kimura, , 10.48, 1.92, 1.04, 0.96, 0.93, 0.92, 0.91, 0.93, 0.93, 0.96, 0.98
Nobuharu Asahara, , 10.37, 1.93, 1.05, 0.96, 0.91, 0.91, 0.89, 0.91, 0.91, 0.94, 0.96
Naoki Tsukahara, , 10.31, 1.95, 1.05, 0.96, 0.92, 0.90, 0.90, 0.89, 0.91, 0.91, 0.92
Demi Omole, , 10.49, 1.98, 1.06, 0.91, 0.98, 0.89, 0.90, 0.88, 0.92, 1.00, 0.97
Jeff Laynes, , 10.37, 1.96, 1.09, 0.89, 0.94, 0.89, 0.92, 0.85, 0.91, 0.98, 0.94
Shawn Crawford, , 10.17, 2.03, 0.92, 1.03, 0.90, 0.89, 0.86, 0.86, 0.87, 0.91, 0.90
Michael Rodgers, , 10.15, 2.01, 0.99, 0.94, 0.91, 0.85, 0.89, 0.86, 0.88, 0.94, 0.88
Trindon Holiday, , 10.14, 1.91, 1.07, 0.90, 0.93, 0.86, 0.85, 0.87, 0.91, 0.91, 0.93
Kendall Stevens, , 10.13, 1.93, 1.05, 0.92, 0.90, 0.87, 0.90, 0.90, 0.87, 0.93, 0.86
Ivory Williams, , 10.07, 1.95, 1.12, 0.83, 0.90, 0.89, 0.85, 0.86, 0.91, 0.85, 0.91
Walter Dix, , 9.96, 1.95, 1.07, 0.87, 0.90, 0.87, 0.85, 0.83, 0.83, 0.89, 0.90
Evander Wells, , 10.28, 1.93, 1.05, 0.97, 0.92, 0.88, 0.89, 0.83, 0.95, 0.90, 0.96
Jeremy Hall, , 10.26, 1.98, 0.99, 1.00, 0.90, 0.88, 0.89, 0.83, 0.94, 0.91, 0.94
Mickey Grimes, , 10.26, 1.94, 1.06, 0.95, 0.88, 0.89, 0.90, 0.90, 0.90, 0.87, 0.97
Rubin Williams, , 10.18, 1.95, 1.03, 0.94, 0.86, 0.90, 0.89, 0.85, 0.92, 0.92, 0.92
Leroy Dixon, , 10.16, 1.91, 1.04, 0.92, 0.95, 0.83, 0.87, 0.85, 0.90, 0.93, 0.96
Jeff Demps, , 10.12, 1.95, 1.07, 0.96, 0.89, 0.89, 0.86, 0.83, 0.89, 0.90, 0.88
Travis Padgett, , 10.06, 1.91, 1.07, 0.90, 0.92, 0.85, 0.86, 0.89, 0.86, 0.88, 0.92
Jason Heard, , 10.32, 1.96, 1.07, 0.97, 0.88, 0.93, 0.86, 0.90, 0.89, 0.92, 0.94
Teddy Williams, , 10.27, 1.97, 1.00, 0.95, 0.88, 0.90, 0.94, 0.90, 0.88, 0.92, 0.93
J-Mee Samuels, , 10.17, 1.90, 1.10, 0.90, 0.93, 0.85, 0.88, 0.88, 0.92, 0.88, 0.93
Mardy Scales, , 10.16, 1.86, 1.04, 0.93, 0.92, 0.87, 0.86, 0.88, 0.93, 0.93, 0.94
John Capel, , 10.16, 1.98, 1.05, 0.92, 0.92, 0.87, 0.85, 0.88, 0.92, 0.87, 0.90
Wallace Spearmon, , 10.12, 2.03, 1.05, 0.95, 0.93, 0.86, 0.82, 0.86, 0.89, 0.85, 0.88
Darvis Patton, , 10.04, 1.97, 1.06, 0.92, 0.88, 0.87, 0.84, 0.85, 0.87, 0.89, 0.89
Carlos Moore, , 10.33, 2.00, 1.00, 0.97, 0.95, 0.86, 0.88, 0.86, 0.91, 0.91, 0.99
Preston Perry, , 10.28, 1.96, 1.02, 0.99, 0.90, 0.89, 0.86, 0.87, 0.92, 0.92, 0.95
Chrisdon Hargrett, , 10.19, 1.98, 1.02, 0.97, 0.87, 0.85, 0.91, 0.86, 0.86, 0.93, 0.94
Xavier Carter, , 10.14, 2.00, 1.05, 0.94, 0.87, 0.86, 0.88, 0.86, 0.85, 0.88, 0.95
Tyson Gay, , 10.14, 1.96, 1.03, 0.89, 0.91, 0.84, 0.84, 0.84, 0.89, 0.94, 1.00
Mark Jelks, , 10.13, 1.94, 1.04, 0.91, 0.91, 0.89, 0.83, 0.89, 0.90, 0.90, 0.92
Monzavous Edwards, , 10.13, 1.96, 1.06, 0.92, 0.90, 0.87, 0.88, 0.83, 0.89, 0.90, 0.92
Rodney Martin, , 10.10, 2.00, 1.02, 0.98, 0.89, 0.87, 0.83, 0.84, 0.85, 0.93, 0.89
Teddy Williams, , 10.24, 1.82, 1.20, 0.88, 0.92, 0.90, 0.88, 0.88, 0.91, 0.91, 0.94
J-Mee Samuels, , 10.09, 1.85, 1.15, 0.92, 0.88, 0.87, 0.89, 0.88, 0.85, 0.90, 0.90
Wallace Spearmon, , 10.07, 1.93, 1.14, 0.95, 0.91, 0.86, 0.87, 0.85, 0.81, 0.87, 0.88
Michael Rodgers, , 10.07, 1.88, 1.10, 0.94, 0.90, 0.85, 0.84, 0.86, 0.90, 0.87, 0.93
Leroy Dixon, , 10.02, 1.85, 1.15, 0.87, 0.90, 0.86, 0.86, 0.88, 0.86, 0.88, 0.91
Walter Dix, , 10.02, 1.83, 1.15, 0.95, 0.92, 0.85, 0.85, 0.84, 0.87, 0.84, 0.92
Jeff Demps, , 10.01, 1.78, 1.17, 0.93, 0.92, 0.86, 0.85, 0.84, 0.90, 0.87, 0.89
Tyson Gay, , 9.77, 1.90, 1.02, 0.93, 0.89, 0.82, 0.83, 0.83, 0.83, 0.84, 0.88
Rubin Williams, , 10.26, 1.86, 1.12, 0.97, 0.89, 0.87, 0.88, 0.90, 0.89, 0.91, 0.97
Mickey Grimes, , 10.22, 1.88, 1.10, 0.99, 0.88, 0.89, 0.87, 0.88, 0.85, 0.91, 0.97
Mardy Scales, , 10.15, 1.84, 1.10, 0.95, 0.88, 0.87, 0.87, 0.88, 0.88, 0.94, 0.94
Kendall Stevens, , 10.12, 1.87, 1.06, 0.99, 0.90, 0.88, 0.86, 0.86, 0.85, 0.92, 0.93
Chrisdon Hargrett, , 10.12, 1.87, 1.11, 0.92, 0.92, 0.89, 0.88, 0.86, 0.86, 0.88, 0.93
Mark Jelks, , 9.99, 1.83, 1.07, 0.96, 0.88, 0.89, 0.84, 0.88, 0.84, 0.85, 0.95
Rodney Martin, , 9.95, 1.85, 1.07, 1.02, 0.88, 0.85, 0.85, 0.85, 0.84, 0.86, 0.88
Travis Padgett, , 9.89, 1.83, 1.07, 0.96, 0.89, 0.85, 0.84, 0.88, 0.82, 0.87, 0.88
Jeremy Hall, , 10.26, 1.98, 1.09, 0.90, 0.92, 0.88, 0.90, 0.89, 0.88, 0.88, 0.94
Shawn Crawford, , 10.09, 1.88, 1.09, 0.93, 0.92, 0.85, 0.90, 0.85, 0.87, 0.87, 0.93
Trindon Holiday, , 10.09, 1.82, 1.12, 0.95, 0.90, 0.86, 0.86, 0.89, 0.87, 0.87, 0.95
Monzavous Edwards, , 10.06, 1.87, 1.11, 0.93, 0.89, 0.87, 0.88, 0.87, 0.83, 0.91, 0.90
John Capel, , 10.06, 1.90, 1.10, 0.91, 0.88, 0.88, 0.86, 0.88, 0.84, 0.91, 0.90
Xavier Carter, , 10.00, 1.96, 1.11, 0.87, 0.91, 0.85, 0.87, 0.82, 0.88, 0.79, 0.94
Ivory Williams, , 9.94, 1.86, 1.01, 0.98, 0.87, 0.87, 0.85, 0.87, 0.84, 0.85, 0.94
Darvis Patton, , 9.89, 1.88, 1.10, 0.90, 0.87, 0.85, 0.87, 0.85, 0.83, 0.83, 0.91
Chrisdon Hargrett, , 12.11, 1.97, 1.05, 0.93, 0.91, 0.86, 0.90, 0.85, 1.14, 1.37, 2.13
Trindon Holiday, , 10.17, 1.95, 1.03, 0.94, 0.90, 0.85, 0.89, 0.86, 0.93, 0.86, 0.96
Monzavous Edwards, , 10.16, 1.97, 1.04, 0.94, 0.89, 0.87, 0.88, 0.87, 0.88, 0.88, 0.94
Ivory Williams, , 10.09, 1.95, 1.04, 0.93, 0.92, 0.80, 0.91, 0.85, 0.92, 0.87, 0.90
Xavier Carter, , 10.09, 2.02, 1.03, 0.95, 0.89, 0.83, 0.87, 0.88, 0.89, 0.83, 0.90
Rodney Martin, , 10.08, 2.02, 1.02, 0.96, 0.87, 0.85, 0.88, 0.86, 0.89, 0.86, 0.87
Walter Dix, , 9.93, 2.00, 1.04, 0.93, 0.89, 0.84, 0.84, 0.83, 0.85, 0.87, 0.84
Tyson Gay, , 9.85, 2.04, 1.00, 0.88, 0.89, 0.80, 0.84, 0.84, 0.83, 0.85, 0.88
Jeff Demps, , 10.34, 1.94, 1.04, 0.96, 0.92, 0.89, 0.87, 0.92, 0.90, 0.93, 0.97
Mark Jelks, , 10.24, 1.95, 1.03, 0.94, 0.93, 0.87, 0.92, 0.86, 0.86, 0.93, 0.95
John Capel, , 10.21, 1.96, 1.06, 0.93, 0.92, 0.85, 0.93, 0.83, 0.88, 0.94, 0.91
Wallace Spearmon, , 10.18, 1.99, 1.12, 0.93, 0.94, 0.84, 0.87, 0.86, 0.86, 0.89, 0.88
Michael Rodgers, , 10.18, 1.98, 1.02, 0.93, 0.90, 0.89, 0.85, 0.90, 0.86, 0.93, 0.92
Leroy Dixon, , 10.17, 1.97, 1.03, 0.93, 0.91, 0.88, 0.87, 0.88, 0.86, 0.92, 0.92
Travis Padgett, , 10.11, 1.95, 1.03, 0.93, 0.94, 0.86, 0.88, 0.85, 0.88, 0.87, 0.92
Darvis Patton, , 10.04, 1.96, 1.02, 0.92, 0.93, 0.84, 0.85, 0.88, 0.86, 0.88, 0.90
Xavier Carter, 0.148, 10.11, 1.832, 1.07, 0.93, 0.90, 0.86, 0.88, 0.84, 0.85, 0.89, 0.91
Michael Rodgers, 0.166, 10.01, 1.794, 1.01, 0.93, 0.88, 0.89, 0.84, 0.88, 0.86, 0.88, 0.88
Leroy Dixon, 0.157, 9.99, 1.773, 1.06, 0.89, 0.89, 0.85, 0.85, 0.87, 0.83, 0.90, 0.92
Rodney Martin, 0.189, 9.97, 1.781, 1.03, 0.95, 0.87, 0.84, 0.87, 0.84, 0.84, 0.86, 0.90
Travis Padgett, 0.153, 9.85, 1.797, 1.00, 0.91, 0.90, 0.82, 0.88, 0.82, 0.83, 0.88, 0.86
Darvis Patton, 0.169, 9.84, 1.801, 1.01, 0.91, 0.88, 0.83, 0.87, 0.82, 0.82, 0.82, 0.91
Walter Dix, 0.142, 9.80, 1.858, 1.02, 0.93, 0.85, 0.86, 0.81, 0.82, 0.82, 0.83, 0.86
Hitoshi Saito, , 10.42, 1.96, 1.05, 0.97, 0.93, 0.90, 0.91, 0.90, 0.92, 0.93, 0.95
Nobuharu Asahara, , 10.40, 1.98, 1.06, 0.97, 0.92, 0.90, 0.90, 0.90, 0.90, 0.92, 0.95
Shinji Takahira, , 10.43, 2.01, 1.06, 0.96, 0.93, 0.90, 0.90, 0.90, 0.90, 0.92, 0.95
Shinji Takahira, , 10.37, 1.98, 1.03, 0.95, 0.92, 0.89, 0.90, 0.90, 0.92, 0.93, 0.95
Nobuharu Asahara, , 10.36, 1.97, 1.06, 0.95, 0.92, 0.90, 0.88, 0.90, 0.91, 0.92, 0.95
Shogo Nomura, , 10.73, 1.99, 1.09, 1.00, 0.96, 0.94, 0.94, 0.94, 0.95, 0.95, 0.97
Hiroyuki Ishihara, , 10.73, 2.00, 1.07, 0.98, 0.93, 0.93, 0.94, 0.95, 0.97, 0.96, 1.00
Takashi Miyazaki, , 10.65, 1.94, 1.06, 0.97, 0.94, 0.93, 0.93, 0.95, 0.97, 0.97, 0.99
Isamu Hayamizu, , 10.62, 2.01, 1.10, 0.99, 0.94, 0.92, 0.93, 0.91, 0.93, 0.94, 0.95
Ryo Motoshio, , 10.49, 1.98, 1.05, 0.96, 0.93, 0.91, 0.91, 0.93, 0.93, 0.93, 0.96
Usain Bolt, 0.165, 9.69, 1.685, 1.02, 0.91, 0.87, 0.85, 0.82, 0.82, 0.82, 0.83, 0.90
Shinji Takahira, , 10.52, 2.01, 1.05, 0.96, 0.92, 0.92, 0.91, 0.91, 0.93, 0.94, 0.97
Shingo Suetsugu, , 10.43, 1.98, 1.06, 0.96, 0.93, 0.90, 0.90, 0.90, 0.92, 0.92, 0.96
Naoki Tsukahara, , 10.39, 1.99, 1.05, 0.95, 0.92, 0.91, 0.90, 0.90, 0.91, 0.92, 0.94
Nobuharu Asahara, , 10.37, 1.97, 1.05, 0.96, 0.91, 0.91, 0.89, 0.90, 0.91, 0.92, 0.95
Shinji Takahira, , 10.28, 1.96, 1.06, 0.95, 0.91, 0.90, 0.88, 0.89, 0.90, 0.90, 0.93
Hitoshi Saito, , 10.35, 1.98, 1.07, 0.97, 0.92, 0.91, 0.89, 0.89, 0.89, 0.90, 0.93
Daisuke Ikeda, , 11.13, 2.02, 1.13, 1.03, 0.99, 0.98, 0.98, 0.98, 1.00, 0.99, 1.03
Keisuke Ushiro, , 11.48, 2.04, 1.14, 1.05, 1.02, 1.00, 1.01, 1.02, 1.04, 1.07, 1.09
Hiromasa Tanaka, , 11.00, 1.95, 1.10, 1.01, 0.97, 0.96, 0.97, 0.97, 1.00, 1.02, 1.05
Yusuke Nii, , 10.34, 1.93, 1.05, 0.96, 0.93, 0.90, 0.90, 0.90, 0.92, 0.92, 0.93
Naoki Tsukahara, , 10.09, 1.92, 1.04, 0.93, 0.90, 0.88, 0.87, 0.88, 0.88, 0.89, 0.90
Shintaro Kimura, , 10.21, 1.89, 1.04, 0.94, 0.91, 0.90, 0.90, 0.89, 0.90, 0.91, 0.93
Shigeyuki Kojima, , 10.31, 1.95, 1.06, 0.96, 0.91, 0.89, 0.89, 0.90, 0.90, 0.91, 0.94
Shogo Arao, , 10.22, 1.91, 1.05, 0.94, 0.91, 0.88, 0.89, 0.89, 0.90, 0.91, 0.94
Masashi Eriguchi, , 10.07, 1.91, 1.03, 0.92, 0.88, 0.87, 0.87, 0.87, 0.89, 0.90, 0.93
Shun Nagasawa, , 10.34, 1.92, 1.07, 0.96, 0.93, 0.89, 0.90, 0.90, 0.91, 0.92, 0.94
Takumi Kuki, , 10.69, 1.95, 1.07, 0.99, 0.95, 0.94, 0.93, 0.94, 0.95, 0.97, 1.00
Takumi Kuki, , 10.50, 1.93, 1.07, 0.97, 0.94, 0.92, 0.92, 0.92, 0.93, 0.94, 0.96
Takumi Kuki, , 10.44, 1.92, 1.06, 0.97, 0.93, 0.92, 0.91, 0.91, 0.93, 0.93, 0.96
Shintaro Kimura, 0.132, 10.47, 1.798, 1.04, 0.95, 0.93, 0.92, 0.92, 0.92, 0.94, 0.94, 0.98
Masashi Eriguchi, 0.131, 10.38, 1.809, 1.03, 0.97, 0.92, 0.90, 0.90, 0.90, 0.91, 0.94, 0.97
Naoki Tsukahara, 0.128, 10.15, 1.772, 1.05, 0.95, 0.90, 0.90, 0.88, 0.88, 0.88, 0.89, 0.92
Asafa Powell, 0.134, 9.84, 1.746, 1.02, 0.93, 0.88, 0.85, 0.84, 0.84, 0.85, 0.86, 0.89
Tyson Gay, 0.144, 9.71, 1.766, 1.02, 0.91, 0.86, 0.84, 0.82, 0.83, 0.83, 0.84, 0.85
Usain Bolt, 0.146, 9.58, 1.734, 1.00, 0.90, 0.86, 0.83, 0.82, 0.81, 0.82, 0.82, 0.84
Tyson Gay, , 10.13, 1.93, 1.06, 0.93, 0.90, 0.87, 0.87, 0.87, 0.87, 0.90, 0.93
Akihiko Nakamura, , 10.93, 1.96, 1.10, 1.02, 0.98, 0.96, 0.96, 0.96, 0.97, 0.99, 1.03
Keisuke Ushiro, , 11.27, 2.02, 1.13, 1.04, 1.01, 0.99, 1.00, 0.99, 1.01, 1.03, 1.05
Naoki Tsukahara, , 10.36, 1.93, 1.06, 0.96, 0.91, 0.91, 0.90, 0.90, 0.91, 0.93, 0.95
Michael Frater, , 10.24, 1.93, 1.07, 0.94, 0.90, 0.89, 0.89, 0.88, 0.90, 0.91, 0.93
Masashi Eriguchi, 0.116, 10.16, 1.794, 1.04, 0.94, 0.89, 0.88, 0.87, 0.88, 0.89, 0.92, 0.94
Hisashi Miyazaki, 0.146, 10.37, 1.794, 1.05, 0.96, 0.92, 0.90, 0.90, 0.91, 0.91, 0.93, 0.95
Akihiko Nakamura, , 10.82, 1.95, 1.10, 1.00, 0.97, 0.96, 0.96, 0.95, 0.97, 0.97, 0.99
Keisuke Ushiro, , 11.45, 2.04, 1.13, 1.04, 1.02, 1.02, 1.01, 1.01, 1.04, 1.05, 1.09
Christophe Lemaitre, , 10.26, 1.96, 1.06, 0.95, 0.92, 0.89, 0.89, 0.88, 0.90, 0.90, 0.91
Keisuke Ushiro, , 11.37, 2.09, 1.12, 1.03, 1.00, 1.00, 1.01, 1.02, 1.03, 1.02, 1.05
Akihiko Nakamura, , 10.81, 1.96, 1.10, 1.00, 0.96, 0.96, 0.95, 0.95, 0.96, 0.98, 0.99
Keisuke Ushiro, , 11.39, 2.08, 1.14, 1.06, 1.01, 1.01, 0.99, 1.00, 1.02, 1.02, 1.06
Nester Carter, 0.164, 10.25, 1.716, 1.04, 0.94, 0.90, 0.88, 0.89, 0.89, 0.91, 0.94, 0.98
Usain Bolt, 0.153, 10.10, 1.737, 1.04, 0.92, 0.89, 0.86, 0.86, 0.86, 0.88, 0.91, 0.99
Michael Frater, 0.149, 10.27, 1.781, 1.06, 0.94, 0.81, 0.97, 0.88, 0.88, 0.90, 0.93, 0.97
Usain Bolt, 0.164, 10.04, 1.726, 1.04, 0.93, 0.88, 0.86, 0.85, 0.85, 0.86, 0.89, 0.99
Yohan Blake, 0.174, 9.88, 1.696, 1.02, 0.94, 0.87, 0.86, 0.85, 0.86, 0.86, 0.87, 0.88
Akihiko Nakamura, , 10.75, 1.96, 1.09, 0.99, 0.96, 0.95, 0.94, 0.96, 0.95, 0.97, 0.98
Keisuke Ushiro, , 11.41, 2.10, 1.13, 1.04, 1.01, 0.99, 1.00, 1.01, 1.02, 1.04, 1.07
Shintaro Kimura, , 10.29, 1.88, 1.05, 0.94, 0.92, 0.90, 0.91, 0.90, 0.92, 0.92, 0.95
Shinji Takahira, , 10.29, 1.94, 1.05, 0.94, 0.92, 0.90, 0.89, 0.90, 0.90, 0.91, 0.94
Naoki Tsukahara, , 10.25, 1.90, 1.05, 0.95, 0.92, 0.90, 0.90, 0.90, 0.90, 0.91, 0.92
Kazuma Oseto, , 10.23, 1.92, 1.04, 0.94, 0.91, 0.89, 0.90, 0.90, 0.89, 0.91, 0.93
Yusuke Kotani, , 10.21, 1.90, 1.05, 0.95, 0.91, 0.89, 0.89, 0.89, 0.90, 0.90, 0.93
Hitoshi Saito, , 10.36, 1.95, 1.08, 0.98, 0.93, 0.91, 0.90, 0.90, 0.89, 0.90, 0.92
Kenji Fujimitsu, , 10.35, 1.99, 1.06, 0.97, 0.93, 0.91, 0.89, 0.90, 0.89, 0.90, 0.91
Akihiko Nakamura, , 10.81, 2.01, 1.09, 0.98, 0.96, 0.95, 0.95, 0.94, 0.96, 0.97, 1.00
Keisuke Ushiro, , 11.29, 2.06, 1.11, 1.03, 1.00, 0.98, 0.99, 0.99, 1.02, 1.04, 1.07
Takumi Kuki, , 10.23, 1.92, 1.05, 0.93, 0.91, 0.89, 0.88, 0.89, 0.91, 0.91, 0.94
Yohan Blake, 0.179, 9.75, 1.651, 1.03, 0.90, 0.85, 0.86, 0.85, 0.84, 0.85, 0.86, 0.88
Usain Bolt, 0.165, 9.63, 1.745, 1.01, 0.92, 0.86, 0.84, 0.82, 0.81, 0.81, 0.82, 0.83
Keisuke Ushiro, 0.183, 11.32, 1.807, 1.15, 1.05, 1.01, 0.99, 0.99, 1.01, 1.02, 1.04, 1.07
Ryo Motoshio, , 10.31, 1.91, 1.06, 0.95, 0.92, 0.90, 0.90, 0.90, 0.91, 0.92, 0.94
Akihiko Nakamura, , 10.75, 2.00, 1.08, 0.99, 0.95, 0.94, 0.94, 0.94, 0.95, 0.96, 1.00
Keisuke Ushiro, , 11.47, 2.09, 1.15, 1.05, 1.00, 1.01, 1.00, 1.02, 1.03, 1.04, 1.08
Shota Iizuka, , 10.28, 1.92, 1.06, 0.96, 0.90, 0.89, 0.89, 0.89, 0.90, 0.92, 0.95
Kei Takase, , 10.23, 1.92, 1.04, 0.94, 0.90, 0.90, 0.88, 0.89, 0.91, 0.92, 0.93
Yoshihide Kiryu, , 10.01, 1.89, 1.01, 0.91, 0.88, 0.86, 0.86, 0.86, 0.88, 0.91, 0.95
Masashi Eriguchi, , 10.15, 1.89, 1.03, 0.94, 0.89, 0.88, 0.88, 0.87, 0.90, 0.92, 0.95
Ryota Yamagata, , 10.04, 1.88, 1.03, 0.92, 0.89, 0.87, 0.86, 0.87, 0.89, 0.90, 0.93
Yoshihide Kiryu, , 10.03, 1.89, 1.03, 0.92, 0.88, 0.86, 0.86, 0.86, 0.88, 0.91, 0.94
Akihiko Nakamura, , 11.12, 1.99, 1.10, 1.03, 1.01, 0.99, 0.99, 0.99, 0.99, 1.01, 1.02
Keisuke Ushiro, , 11.58, 2.07, 1.14, 1.05, 1.02, 1.02, 1.03, 1.04, 1.05, 1.07, 1.09
Sota Kawatsura, , 10.33, 1.88, 1.07, 0.96, 0.92, 0.91, 0.91, 0.90, 0.92, 0.92, 0.94
Martin Ríčar, 0.144, 10.86, 1.886, 1.07, 1.02, 0.96, 0.95, 0.94, 0.95, 0.95, 0.98, 1.01
Ondrej Benda, 0.174, 10.83, 1.876, 1.10, 1.00, 0.96, 0.95, 0.93, 0.94, 0.94, 0.97, 0.99
Rostislav Šulc, 0.174, 10.76, 1.886, 1.10, 1.00, 0.96, 0.94, 0.92, 0.92, 0.93, 0.95, 0.98
Václav Zich, 0.156, 10.62, 1.834, 1.08, 0.98, 0.95, 0.93, 0.92, 0.92, 0.93, 0.95, 0.97
Marek Bakalár, 0.148, 10.44, 1.822, 1.01, 0.99, 0.90, 0.91, 0.89, 0.91, 0.93, 0.95, 0.98
Pavel Maslák, 0.156, 10.36, 1.804, 1.04, 0.99, 0.92, 0.91, 0.88, 0.89, 0.91, 0.92, 0.94
Zdenek Stromšík, 0.139, 10.32, 1.821, 1.02, 0.97, 0.91, 0.89, 0.88, 0.90, 0.91, 0.94, 0.94
Yukiya Okamura, , 10.67, 2.01, 1.08, 0.99, 0.95, 0.93, 0.93, 0.94, 0.93, 0.94, 0.97
Shuya Sasaki, , 10.65, 1.93, 1.09, 0.99, 0.95, 0.93, 0.93, 0.94, 0.94, 0.96, 0.99
Takuya Kawakami, , 10.65, 1.97, 1.08, 0.98, 0.94, 0.93, 0.92, 0.93, 0.95, 0.95, 1.00
Yu Takahashi, , 10.55, 1.98, 1.09, 0.98, 0.94, 0.92, 0.91, 0.92, 0.92, 0.93, 0.96
Yuki Koike, , 10.38, 1.94, 1.07, 0.96, 0.92, 0.90, 0.90, 0.91, 0.91, 0.93, 0.94
Yoshihide Kiryu, , 10.19, 1.92, 1.04, 0.95, 0.91, 0.89, 0.88, 0.88, 0.89, 0.91, 0.92
Keisuke Honma, , 10.86, 2.03, 1.10, 0.99, 0.95, 0.95, 0.95, 0.95, 0.96, 0.97, 1.01
Tomoya Baba, , 10.75, 1.96, 1.09, 0.99, 0.96, 0.95, 0.94, 0.94, 0.96, 0.97, 0.99
Kazuma Oseto, , 10.40, 1.93, 1.06, 0.96, 0.93, 0.91, 0.90, 0.91, 0.92, 0.93, 0.95
Yoshihide Kiryu, , 10.33, 1.97, 1.03, 0.95, 0.91, 0.89, 0.88, 0.90, 0.91, 0.92, 0.97
Masashi Eriguchi, , 10.70, 1.97, 1.09, 0.97, 0.93, 0.91, 0.92, 0.94, 0.95, 0.99, 1.03
Yuichi Kobayashi, , 10.55, 1.95, 1.09, 0.99, 0.94, 0.93, 0.91, 0.92, 0.92, 0.93, 0.97
Naoki Tsukahara, , 10.36, 1.91, 1.06, 0.96, 0.92, 0.91, 0.90, 0.90, 0.91, 0.93, 0.96
Shinji Takahira, , 10.58, 1.96, 1.08, 0.97, 0.94, 0.92, 0.92, 0.93, 0.93, 1.20, 0.73
Yoshiya Nishigaki, , 10.51, 1.90, 1.04, 0.95, 0.93, 0.93, 0.93, 0.94, 0.94, 0.97, 0.98
Masashi Eriguchi, , 10.49, 1.95, 1.05, 0.95, 0.92, 0.91, 0.92, 0.92, 0.94, 0.96, 0.97
Yuichi Kobayashi, , 10.48, 1.93, 1.08, 0.98, 0.93, 0.92, 0.92, 0.92, 0.92, 0.93, 0.95
Masaki Nashimoto, , 10.56, 1.98, 1.07, 0.97, 0.93, 0.92, 0.91, 0.92, 0.93, 0.95, 0.98
Shintaro Horie, , 10.56, 1.97, 1.08, 0.98, 0.94, 0.93, 0.92, 0.92, 0.92, 0.94, 0.96
Kazuma Oseto, , 10.40, 1.92, 1.04, 0.95, 0.93, 0.91, 0.91, 0.92, 0.92, 0.94, 0.96
Yoshihide Kiryu, , 10.26, 1.93, 1.04, 0.94, 0.91, 0.89, 0.88, 0.89, 0.91, 0.92, 0.95
Yusuke Ishitsuka, , 10.58, 1.97, 1.09, 0.99, 0.93, 0.93, 0.92, 0.92, 0.93, 0.94, 0.96
Kenji Fujimitsu, , 10.27, 1.97, 1.05, 0.95, 0.91, 0.90, 0.88, 0.89, 0.90, 0.90, 0.92
Kei Takase, , 10.26, 1.95, 1.05, 0.93, 0.91, 0.89, 0.89, 0.89, 0.90, 0.92, 0.93
Akihiko Nakamura, , 10.69, 1.96, 1.08, 0.98, 0.94, 0.93, 0.94, 0.94, 0.95, 0.97, 1.00
Takumi Otobe, , 10.57, 1.96, 1.08, 0.97, 0.92, 0.92, 0.92, 0.92, 0.94, 0.96, 0.98
Mitsuhiro Abiko, , 10.81, 1.99, 1.09, 0.99, 0.96, 0.95, 0.93, 0.95, 0.96, 0.98, 1.01
Yoshiya Nishigaki, , 10.59, 1.90, 1.06, 0.95, 0.95, 0.93, 0.93, 0.94, 0.95, 0.98, 1.00
Masafumi Naoki, , 10.40, 1.96, 1.08, 0.96, 0.93, 0.91, 0.89, 0.90, 0.91, 0.92, 0.94
Kenji Naganuma, , 10.71, 1.99, 1.10, 0.99, 0.96, 0.93, 0.93, 0.94, 0.94, 0.96, 0.97
Shingo Suetsugu, , 10.49, 1.98, 1.07, 0.98, 0.93, 0.92, 0.90, 0.91, 0.92, 0.93, 0.95
Takuya Kitamura, , 10.48, 1.97, 1.06, 0.97, 0.93, 0.91, 0.91, 0.91, 0.93, 0.93, 0.96
Shinji Takahira, , 10.40, 1.94, 1.06, 0.96, 0.92, 0.90, 0.91, 0.90, 0.92, 0.93, 0.96
Naoki Tsukahara, , 10.48, 1.95, 1.08, 0.97, 0.93, 0.92, 0.92, 0.91, 0.91, 0.93, 0.96
Kazuma Oseto, , 10.25, 1.88, 1.06, 0.95, 0.92, 0.91, 0.90, 0.89, 0.90, 0.91, 0.93
Masashi Eriguchi, , 10.24, 1.90, 1.06, 0.94, 0.91, 0.88, 0.88, 0.88, 0.90, 0.93, 0.96
Yoshihide Kiryu, , 10.10, 1.94, 1.04, 0.93, 0.90, 0.87, 0.88, 0.86, 0.88, 0.89, 0.91
Daichi Nogawa, , 10.49, 1.98, 1.06, 0.95, 0.93, 0.90, 0.91, 0.91, 0.93, 0.94, 0.98
Yuki Takeshita, , 10.36, 1.94, 1.06, 0.95, 0.93, 0.90, 0.90, 0.91, 0.91, 0.93, 0.93
Sota Kawatsura, , 10.31, 1.93, 1.04, 0.95, 0.91, 0.90, 0.89, 0.91, 0.91, 0.92, 0.95
Ryota Yamagata, , 10.19, 1.90, 1.04, 0.94, 0.91, 0.88, 0.89, 0.89, 0.90, 0.91, 0.93
Yuki Koike, , 10.34, 1.95, 1.06, 0.97, 0.92, 0.91, 0.89, 0.89, 0.90, 0.91, 0.94
Takumi Kuki, , 10.24, 1.91, 1.05, 0.94, 0.91, 0.89, 0.89, 0.89, 0.90, 0.92, 0.94
Aska Cambridge, , 10.24, 1.96, 1.07, 0.96, 0.91, 0.90, 0.88, 0.88, 0.88, 0.90, 0.90
Kei Takase, , 10.14, 1.92, 1.03, 0.94, 0.90, 0.88, 0.88, 0.88, 0.89, 0.90, 0.92
Yuichi Kobayashi, , 10.46, 1.96, 1.08, 0.97, 0.94, 0.92, 0.91, 0.91, 0.90, 0.93, 0.94
Yuki Takeshita, , 10.43, 1.96, 1.05, 0.96, 0.92, 0.91, 0.90, 0.92, 0.92, 0.94, 0.95
Yuki Koike, , 10.42, 2.01, 1.07, 0.96, 0.93, 0.91, 0.90, 0.90, 0.90, 0.91, 0.93
Sota Kawatsura, , 10.36, 1.92, 1.07, 0.96, 0.91, 0.91, 0.90, 0.90, 0.92, 0.92, 0.95
Aska Cambridge, , 10.32, 1.95, 1.08, 0.96, 0.91, 0.90, 0.89, 0.89, 0.90, 0.91, 0.93
Ryota Yamagata, , 10.26, 1.91, 1.05, 0.94, 0.90, 0.89, 0.88, 0.90, 0.92, 0.92, 0.95
Kei Takase, , 10.13, 1.91, 1.04, 0.92, 0.89, 0.87, 0.88, 0.89, 0.89, 0.90, 0.94
Tim Leathart, , 10.63, 1.99, 1.09, 0.99, 0.94, 0.93, 0.92, 0.93, 0.93, 0.94, 0.97
Sota Kawatsura, , 10.48, 1.92, 1.04, 0.96, 0.94, 0.91, 0.91, 0.93, 0.94, 0.95, 0.98
Kazuma Oseto, , 10.47, 1.88, 1.07, 0.96, 0.95, 0.92, 0.93, 0.93, 0.94, 0.94, 0.95
Yoshihide Kiryu, , 10.46, 1.90, 1.05, 0.97, 0.93, 0.92, 0.92, 0.92, 0.93, 0.95, 0.97
Christophe Lemaitre, , 10.31, 1.96, 1.07, 0.96, 0.91, 0.91, 0.89, 0.88, 0.90, 0.91, 0.92
Michael Rodgers, , 10.11, 1.95, 1.02, 0.93, 0.90, 0.88, 0.87, 0.87, 0.89, 0.89, 0.91
Justin Gatlin, , 10.02, 1.88, 1.02, 0.93, 0.88, 0.88, 0.87, 0.87, 0.88, 0.90, 0.91
Akihiko Nakamura, , 10.80, 1.99, 1.09, 1.00, 0.96, 0.94, 0.95, 0.95, 0.96, 0.97, 0.99
Keisuke Ushiro, , 11.24, 2.07, 1.12, 1.03, 0.99, 0.98, 0.98, 0.99, 1.01, 1.02, 1.05
Yoshihide Kiryu, , 10.15, 1.95, 1.03, 0.94, 0.89, 0.88, 0.88, 0.87, 0.88, 0.90, 0.93
Yoshihide Kiryu, , 10.21, 1.93, 1.04, 0.93, 0.90, 0.88, 0.88, 0.88, 0.90, 0.91, 0.96
Ryota Yamagata, , 10.22, 1.91, 1.06, 0.95, 0.90, 0.90, 0.88, 0.88, 0.90, 0.91, 0.93
Yoshihide Kiryu, , 10.22, 1.96, 1.03, 0.94, 0.90, 0.88, 0.89, 0.89, 0.90, 0.90, 0.93
Filip Dvorák, 0.148, 11.50, 1.902, 1.12, 1.05, 1.04, 1.01, 1.02, 1.03, 1.03, 1.05, 1.10
Aleš Moravec, 0.181, 11.46, 1.899, 1.11, 1.06, 0.99, 1.00, 1.01, 1.01, 1.04, 1.07, 1.09
David Richter, 0.167, 11.43, 1.913, 1.12, 1.06, 1.03, 1.00, 1.01, 1.02, 1.02, 1.03, 1.06
Adam Röder, 0.173, 11.34, 1.907, 1.09, 1.06, 0.98, 0.99, 1.01, 1.00, 1.02, 1.04, 1.07
Jírí Feigel, 0.154, 11.23, 1.946, 1.11, 1.03, 1.00, 0.98, 0.97, 0.98, 1.01, 1.01, 1.04
Ondrej Rapp, 0.172, 11.15, 1.858, 1.15, 1.04, 0.99, 0.98, 0.98, 0.96, 0.99, 1.00, 1.03
David Kolár, 0.167, 11.08, 1.843, 1.11, 1.03, 0.98, 0.97, 0.96, 0.98, 0.99, 1.01, 1.04
Jáchym Procházka, 0.181, 11.01, 1.879, 1.10, 1.04, 0.98, 0.95, 0.96, 0.96, 0.97, 0.98, 1.01
Jakub Ledvina, 0.246, 11.53, 1.884, 1.13, 1.07, 1.02, 1.00, 1.00, 1.00, 1.05, 1.05, 1.08
Dominik Zálesky, 0.160, 11.47, 1.880, 1.11, 1.07, 1.03, 1.03, 1.02, 1.03, 1.04, 1.03, 1.07
Tomáš Bárta, 0.153, 11.24, 1.877, 1.10, 1.05, 0.98, 0.96, 0.99, 0.98, 1.01, 1.02, 1.12
Jírí Gvušč, 0.162, 11.18, 1.838, 1.12, 1.05, 1.01, 0.97, 0.99, 0.98, 1.01, 1.01, 1.04
Vojtech Kolarčik, 0.152, 11.18, 1.828, 1.10, 1.05, 0.98, 0.97, 0.98, 0.99, 1.03, 1.01, 1.09
Vojtech Svoboda, 0.119, 11.07, 1.851, 1.11, 1.05, 0.98, 0.97, 0.97, 0.98, 1.00, 0.99, 1.05
Jakub Rezníček, 0.158, 11.03, 1.842, 1.13, 1.05, 0.97, 0.95, 0.98, 0.95, 0.98, 0.98, 1.04
Vojtech Netymach, 0.159, 10.99, 1.781, 1.07, 1.02, 0.97, 0.96, 0.98, 0.97, 1.00, 1.01, 1.07
Akiyoshi Ono, , 10.75, 1.98, 1.08, 1.00, 0.95, 0.94, 0.94, 0.94, 0.96, 0.97, 0.99
Hikaru Kondo, , 10.71, 1.93, 1.06, 0.99, 0.95, 0.94, 0.94, 0.95, 0.97, 0.98, 1.00
Makoto Takiuchi, , 10.68, 1.92, 1.07, 0.97, 0.95, 0.94, 0.94, 0.94, 0.96, 0.99, 1.00
Kenta Oshima, , 10.37, 1.92, 1.09, 0.99, 0.95, 0.94, 0.93, 0.93, 0.95, 0.96, 0.71
Keisuke Ushiro, , 11.10, 2.03, 1.11, 1.01, 0.98, 0.97, 0.97, 0.97, 0.99, 1.01, 1.06
Akihiko Nakamura, , 10.66, 1.96, 1.09, 0.98, 0.94, 0.94, 0.92, 0.94, 0.95, 0.96, 0.98
Noaki Tsukahara, , 10.37, 1.91, 1.06, 0.98, 0.93, 0.91, 0.91, 0.90, 0.91, 0.92, 0.94
Aska Cambridge, , 10.33, 1.96, 1.06, 0.96, 0.92, 0.89, 0.89, 0.89, 0.90, 0.92, 0.94
Noaki Tsukahara, , 10.40, 1.90, 1.07, 0.96, 0.93, 0.91, 0.91, 0.92, 0.92, 0.94, 0.94
Yoshihide Kiryu, , 10.40, 1.92, 1.05, 0.96, 0.92, 0.91, 0.90, 0.91, 0.92, 0.94, 0.97
Aska Cambridge, , 10.37, 1.95, 1.07, 0.96, 0.92, 0.89, 0.90, 0.90, 0.92, 0.92, 0.94
Akihiko Nakamura, , 10.52, 1.93, 1.07, 0.97, 0.94, 0.92, 0.92, 0.92, 0.93, 0.94, 0.98
Keisuke Ushiro, , 11.18, 2.03, 1.12, 1.03, 0.99, 0.98, 0.97, 0.99, 1.00, 1.02, 1.05
Peiming Zhang, , 10.24, 1.93, 1.06, 0.94, 0.91, 0.89, 0.89, 0.88, 0.90, 0.91, 0.93
Harry Adams, , 10.22, 1.92, 1.06, 0.94, 0.90, 0.89, 0.88, 0.89, 0.89, 0.91, 0.94
Bingtian Su, , 10.10, 1.89, 1.03, 0.93, 0.89, 0.88, 0.88, 0.89, 0.90, 0.90, 0.91
Kei Takase, , 10.09, 1.89, 1.04, 0.94, 0.89, 0.86, 0.88, 0.88, 0.89, 0.90, 0.92
Wilfried Koffi, , 10.09, 1.98, 1.03, 0.93, 0.89, 0.87, 0.86, 0.87, 0.88, 0.89, 0.89
Kei Takase, 0.143, 10.40, 1.817, 1.05, 0.95, 0.92, 0.90, 0.90, 0.92, 0.91, 0.93, 0.96
Aska Cambridge, 0.160, 10.37, 1.790, 1.05, 0.95, 0.91, 0.90, 0.90, 0.90, 0.92, 0.92, 0.97
Noaki Tsukahara, 0.155, 10.35, 1.755, 1.06, 0.96, 0.91, 0.90, 0.90, 0.91, 0.92, 0.93, 0.95
Sota Kawatsura, 0.152, 10.39, 1.758, 1.06, 0.95, 0.92, 0.91, 0.90, 0.92, 0.92, 0.94, 0.96
Yusuke Kotani, 0.126, 10.31, 1.764, 1.05, 0.95, 0.91, 0.91, 0.90, 0.90, 0.92, 0.93, 0.95
Yu Onabuta, 0.130, 10.39, 1.790, 1.07, 0.96, 0.93, 0.91, 0.90, 0.90, 0.92, 0.92, 0.96
Sota Kawatsura, 0.149, 10.40, 1.741, 1.07, 0.96, 0.93, 0.91, 0.92, 0.91, 0.92, 0.93, 0.96
Abdul Hakim Sani Brown, 0.159, 10.40, 1.711, 1.11, 0.95, 0.92, 0.91, 0.91, 0.91, 0.93, 0.93, 0.96
Kei Takase, 0.144, 10.28, 1.786, 1.04, 0.94, 0.90, 0.90, 0.89, 0.90, 0.91, 0.92, 0.95
Akihiko Nakamura, , 10.71, 1.97, 1.08, 0.98, 0.95, 0.94, 0.93, 0.93, 0.96, 0.96, 1.01
Keisuke Ushiro, , 11.35, 2.07, 1.12, 1.03, 0.99, 0.99, 0.99, 1.00, 1.03, 1.05, 1.08
Aska Cambridge, 0.150, 10.33, 1.820, 1.06, 0.96, 0.91, 0.90, 0.89, 0.90, 0.89, 0.92, 0.93
Ryota Yamagata, , 10.27, 1.80, 1.05, 0.97, 0.94, 0.90, 0.90, 0.91, 0.92, 0.94, 0.94
Akihiko Nakamura, , 10.75, 1.95, 1.08, 0.99, 0.96, 0.94, 0.95, 0.94, 0.96, 0.98, 1.00
Keisuke Ushiro, , 11.32, 2.02, 1.12, 1.02, 1.01, 0.99, 1.00, 1.01, 1.03, 1.05, 1.07
Abdul Hakim Sani Brown, , 10.34, 1.92, 1.07, 0.96, 0.91, 0.90, 0.89, 0.90, 0.91, 0.93, 0.95
Yoshihide Kiryu, , 10.27, 1.90, 1.05, 0.95, 0.90, 0.89, 0.89, 0.89, 0.91, 0.93, 0.96
Ramon Gittens, , 10.26, 1.87, 1.08, 0.96, 0.91, 0.90, 0.88, 0.89, 0.90, 0.92, 0.95
Ryoto Yamagata, , 10.21, 1.86, 1.08, 0.95, 0.90, 0.89, 0.88, 0.89, 0.91, 0.91, 0.94
Justin Gaitlin, , 10.02, 1.84, 1.06, 0.94, 0.89, 0.88, 0.87, 0.86, 0.88, 0.89, 0.91
Ryoto Yamagata, , 10.23, 1.88, 1.06, 0.94, 0.93, 0.90, 0.89, 0.90, 0.90, 0.91, 0.92
Yoshihide Kiryu, , 10.21, 1.85, 1.04, 0.94, 0.91, 0.89, 0.89, 0.90, 0.90, 0.93, 0.96
Shota Hara, , 10.31, 1.92, 1.07, 0.96, 0.92, 0.90, 0.90, 0.91, 0.91, 0.90, 0.92
Kenji Fujimuitsu, , 10.31, 1.89, 1.06, 0.96, 0.92, 0.89, 0.91, 0.91, 0.92, 0.92, 0.93
Kazuma Oseto, , 10.31, 1.92, 1.05, 0.95, 0.92, 0.89, 0.91, 0.91, 0.92, 0.92, 0.92
Kei Takase, , 10.25, 1.88, 1.04, 0.93, 0.91, 0.88, 0.91, 0.91, 0.92, 0.93, 0.94
Yoshihide Kiryu, , 10.09, 1.87, 1.04, 0.93, 0.89, 0.88, 0.88, 0.88, 0.89, 0.90, 0.93
Ryoto Yamagata, , 10.06, 1.85, 1.05, 0.93, 0.90, 0.88, 0.88, 0.88, 0.88, 0.90, 0.91
Akihiko Nakamura, , 10.69, 1.98, 1.08, 0.98, 0.95, 0.94, 0.94, 0.93, 0.94, 0.97, 0.98
Aska Cambridge, 0.150, 10.25, 1.750, 1.07, 0.86, 1.01, 0.89, 0.89, 0.89, 0.91, 0.91, 0.92
Yoshihide Kiryu, 0.140, 10.29, 1.730, 1.06, 0.95, 0.92, 0.90, 0.89, 0.90, 0.92, 0.92, 0.96
Ryoto Yamagata, 0.139, 10.26, 1.721, 1.07, 0.95, 0.92, 0.90, 0.89, 0.90, 0.92, 0.92, 0.93
Yoshihide Kiryu, 0.141, 10.31, 1.739, 1.05, 0.95, 0.90, 0.90, 0.89, 0.90, 0.91, 0.94, 0.99
Ryoto Yamagata, 0.139, 10.17, 1.721, 1.06, 0.94, 0.90, 0.89, 0.89, 0.89, 0.90, 0.92, 0.92
Aska Cambridge, 0.139, 10.16, 1.751, 1.07, 0.95, 0.91, 0.88, 0.88, 0.88, 0.89, 0.90, 0.91
Yuki Hirao, , 10.41, 1.87, 1.08, 0.98, 0.94, 0.92, 0.92, 0.91, 0.92, 0.92, 0.95
Yoshihide Kiryu, , 10.04, 1.81, 1.05, 0.95, 0.91, 0.88, 0.87, 0.88, 0.88, 0.90, 0.91
Kei Takase, , 10.33, 1.87, 1.08, 0.96, 0.92, 0.90, 0.90, 0.90, 0.92, 0.93, 0.95
Kenji Fujimitsu, , 10.17, 1.92, 1.07, 0.95, 0.91, 0.89, 0.88, 0.87, 0.88, 0.89, 0.91
Tomoya Baba, , 10.26, 1.90, 1.07, 0.96, 0.92, 0.89, 0.88, 0.88, 0.91, 0.92, 0.93
Takumi Kuki, , 10.20, 1.86, 1.07, 0.95, 0.91, 0.89, 0.89, 0.89, 0.90, 0.92, 0.92
Shota Hara, , 10.13, 1.87, 1.07, 0.96, 0.90, 0.88, 0.88, 0.88, 0.89, 0.89, 0.91
Shota Iizuka, , 10.08, 1.88, 1.07, 0.95, 0.90, 0.89, 0.88, 0.87, 0.87, 0.88, 0.89
Aska Cambridge, 0.123, 10.08, 1.747, 1.06, 0.94, 0.90, 0.88, 0.86, 0.87, 0.88, 0.90, 0.92
Ryota Yamagata, 0.123, 10.24, 1.737, 1.06, 0.96, 0.92, 0.89, 0.89, 0.89, 0.90, 0.92, 0.95
Daisuke Miyamoto, 0.133, 10.42, 1.747, 1.06, 0.96, 0.92, 0.90, 0.91, 0.92, 0.93, 0.96, 0.98
Shuhei Tada, 0.131, 10.10, 1.689, 1.03, 0.94, 0.90, 0.88, 0.88, 0.88, 0.90, 0.93, 0.94
Takuya Kawakami, 0.146, 10.38, 1.734, 1.07, 0.96, 0.92, 0.91, 0.90, 0.91, 0.92, 0.94, 0.97
Abdul Hakim Sani Brown, 0.156, 10.05, 1.724, 1.04, 0.94, 0.90, 0.87, 0.87, 0.87, 0.88, 0.89, 0.91
Zhenye Xie, 0.161, 10.13, 1.709, 1.05, 0.94, 0.91, 0.88, 0.87, 0.88, 0.89, 0.91, 0.93
Bingtian Su, 0.166, 10.03, 1.714, 1.05, 0.94, 0.89, 0.88, 0.86, 0.87, 0.87, 0.89, 0.90
Kuk-Young Kim, 0.107, 10.24, 1.743, 1.05, 0.95, 0.90, 0.89, 0.88, 0.90, 0.91, 0.94, 0.97
James Dasaolu, 0.145, 10.22, 1.745, 1.06, 0.96, 0.91, 0.90, 0.89, 0.89, 0.89, 0.91, 0.92
Chijindu Ujah, 0.156, 10.12, 1.744, 1.07, 0.95, 0.90, 0.88, 0.87, 0.87, 0.88, 0.89, 0.91
Bingtian Su, 0.224, 10.27, 1.806, 1.03, 0.92, 0.91, 0.89, 0.89, 0.89, 0.89, 0.90, 0.92
Reece Prescod, 0.145, 10.17, 1.895, 1.05, 0.92, 0.92, 0.89, 0.86, 0.86, 0.87, 0.88, 0.88
Jimmy Vicaut, 0.152, 10.08, 1.798, 1.03, 0.90, 0.89, 0.87, 0.87, 0.88, 0.89, 0.90, 0.90
Akani Simbine, 0.141, 10.01, 1.779, 1.03, 0.92, 0.92, 0.87, 0.84, 0.86, 0.87, 0.88, 0.90
Yohan Blake, 0.137, 9.99, 1.753, 1.03, 0.91, 0.90, 0.89, 0.88, 0.87, 0.88, 0.87, 0.87
Usain Bolt, 0.183, 9.95, 1.777, 1.02, 0.90, 0.88, 0.88, 0.85, 0.85, 0.86, 0.86, 0.89
Christian Coleman, 0.123, 9.94, 1.747, 1.00, 0.90, 0.88, 0.87, 0.86, 0.88, 0.88, 0.88, 0.92
Justin Gatlin, 0.138, 9.92, 1.742, 1.02, 0.91, 0.90, 0.88, 0.86, 0.86, 0.87, 0.87, 0.87
Hong Mi, 0.13, 10.49, 1.79, 1.08, 0.97, 0.96, 0.92, 0.90, 1.12, 0.73, 0.94, 0.95
Jinsheng Liang, 0.16, 10.37, 1.78, 1.06, 0.96, 0.95, 0.92, 0.88, 0.89, 0.90, 0.94, 0.93
Peimeng Zhang, 0.15, 10.34, 1.75, 1.10, 0.95, 0.94, 0.93, 0.90, 0.88, 0.89, 0.91, 0.94
Zhouzheng Xu, 0.15, 10.31, 1.79, 1.06, 0.93, 0.94, 0.90, 0.86, 0.90, 0.90, 0.92, 0.96
Zhiqiang Wu, 0.15, 10.31, 1.78, 1.05, 0.95, 0.92, 0.90, 0.89, 0.90, 0.89, 0.93, 0.95
Haiyang Xu, 0.15, 10.28, 1.74, 1.12, 0.95, 0.93, 0.89, 0.86, 0.89, 0.89, 0.91, 0.95
Bingtian Su, 0.13, 10.10, 1.70, 1.06, 0.91, 0.91, 0.90, 0.88, 0.87, 0.89, 0.89, 0.96
Zhenye Xie, 0.14, 10.04, 1.72, 1.04, 0.91, 0.91, 0.89, 0.86, 0.86, 0.88, 0.89, 0.94
Yoshihide Kiryu, 0.139, 9.98, 1.711, 1.07, 0.95, 0.90, 0.87, 0.86, 0.86, 0.86, 0.87, 0.89
Ippei Takeda, 0.135, 10.35, 1.725, 1.07, 0.97, 0.93, 0.91, 0.90, 0.90, 0.92, 0.93, 0.96
Hayato Suda, 0.118, 10.30, 1.742, 1.07, 0.96, 0.92, 0.90, 0.89, 0.90, 0.91, 0.93, 0.96
Rohan Browning, , 10.21, 1.95, 1.02, 0.94, 0.92, 0.88, 0.86, 0.88, 0.91, 0.92, 0.93
Trae Williams, , 10.10, 1.86, 1.04, 0.93, 0.92, 0.89, 0.87, 0.89, 0.89, 0.90, 0.91
Keisuke Ushiro, , 11.62, 2.00, 1.16, 1.07, 1.05, 1.04, 1.04, 1.05, 1.06, 1.07, 1.08
Tsuyoshi ShImizu, , 11.04, 1.99, 1.14, 1.03, 0.99, 0.97, 0.96, 0.96, 0.98, 1.00, 1.02
Akihiko Nakamura, , 10.90, 1.93, 1.12, 1.02, 0.98, 0.96, 0.95, 0.96, 0.97, 0.99, 1.02
Kuk-Young Kim, , 10.17, 1.88, 1.07, 0.95, 0.90, 0.89, 0.87, 0.88, 0.89, 0.91, 0.93
Daisuke Miyamoto, , 10.35, 1.88, 1.07, 0.96, 0.92, 0.91, 0.90, 0.91, 0.92, 0.93, 0.95
Yuki Koike, , 10.29, 1.91, 1.06, 0.96, 0.92, 0.90, 0.89, 0.89, 0.91, 0.92, 0.93
Aska Cambridge, , 10.26, 1.91, 1.06, 0.97, 0.91, 0.90, 0.89, 0.89, 0.89, 0.91, 0.93
Ryota Yamagata, , 10.17, 1.87, 1.06, 0.95, 0.91, 0.88, 0.88, 0.89, 0.89, 0.91, 0.93
Shuhei Tada, 0.150, 10.32, 1.730, 1.05, 0.96, 0.91, 0.90, 0.90, 0.91, 0.92, 0.93, 0.96
Aska Cambridge, 0.145, 10.19, 1.765, 1.07, 0.96, 0.91, 0.88, 0.88, 0.88, 0.88, 0.90, 0.92
Yoshihide Kiryu, 0.135, 10.17, 1.745, 1.05, 0.95, 0.90, 0.89, 0.88, 0.89, 0.89, 0.91, 0.93
Isiah Young, 0.140, 10.13, 1.730, 1.06, 0.95, 0.91, 0.88, 0.88, 0.87, 0.89, 0.90, 0.92
Ryota Yamagata, 0.142, 10.13, 1.728, 1.04, 0.95, 0.90, 0.88, 0.88, 0.88, 0.90, 0.90, 0.93
Justin Gatlin, 0.154, 10.06, 1.706, 1.05, 0.95, 0.90, 0.88, 0.87, 0.87, 0.87, 0.90, 0.91
Yuki Koike, , 10.24, 1.87, 1.07, 0.97, 0.92, 0.89, 0.89, 0.88, 0.90, 0.91, 0.94
Aska Cambridge, , 10.21, 1.86, 1.08, 0.96, 0.91, 0.89, 0.88, 0.89, 0.89, 0.91, 0.94
Shota Iizuka, , 10.21, 1.86, 1.08, 0.96, 0.92, 0.89, 0.88, 0.88, 0.89, 0.92, 0.93
Ryota Yamagata, , 10.12, 1.84, 1.06, 0.96, 0.90, 0.89, 0.87, 0.88, 0.88, 0.91, 0.93
Kimihito Morimoto, , 10.90, 2.02, 1.13, 1.02, 0.97, 0.96, 0.95, 0.95, 0.95, 0.97, 0.98
Yuma Maruyama, , 10.80, 1.97, 1.11, 1.02, 0.97, 0.94, 0.95, 0.94, 0.95, 0.97, 0.98
Akihiko Nakamura, , 10.79, 1.95, 1.11, 1.01, 0.96, 0.95, 0.94, 0.95, 0.95, 0.98, 0.99
Shuhei Tada, 0.147, 10.22, 1.723, 1.05, 0.95, 0.91, 0.89, 0.88, 0.90, 0.90, 0.92, 0.95
Yuki Koike, 0.162, 10.17, 1.718, 1.06, 0.95, 0.91, 0.88, 0.88, 0.88, 0.89, 0.91, 0.93
Yoshihide Kiryu, 0.144, 10.16, 1.756, 1.07, 0.95, 0.90, 0.89, 0.87, 0.88, 0.88, 0.90, 0.92
Aska Cambridge, 0.143, 10.14, 1.777, 1.07, 0.96, 0.90, 0.88, 0.87, 0.86, 0.88, 0.89, 0.91
Ryota Yamagata, 0.141, 10.05, 1.709, 1.04, 0.95, 0.89, 0.88, 0.87, 0.87, 0.88, 0.90, 0.92
Yahiro Matsubara, , 11.82, 1.99, 1.12, 1.01, 0.97, 0.97, 0.98, 1.03, 1.10, 1.22, 1.43
Kotaro Yamaji, , 10.74, 2.00, 1.12, 1.00, 0.95, 0.94, 0.92, 0.93, 0.95, 0.95, 0.98
Mirai Yamamoto, , 10.71, 1.97, 1.11, 1.00, 0.95, 0.93, 0.92, 0.94, 0.94, 0.97, 0.98
Daichi Okubo, , 10.68, 1.96, 1.10, 0.99, 0.95, 0.92, 0.93, 0.94, 0.94, 0.97, 0.98
Syota Nakamura, , 10.65, 1.94, 1.09, 0.98, 0.95, 0.92, 0.93, 0.94, 0.95, 0.96, 0.99
Shin Tatsumi, , 10.51, 1.88, 1.07, 0.96, 0.92, 0.92, 0.92, 0.93, 0.94, 0.97, 1.00
Takumi Kuwano, , 10.47, 1.89, 1.07, 0.97, 0.94, 0.91, 0.91, 0.92, 0.94, 0.95, 0.97
Justin Junpei Tsukamoto, , 10.43, 1.94, 1.08, 0.96, 0.92, 0.91, 0.90, 0.91, 0.92, 0.94, 0.95
Lalu Muhammad Zohri, 0.145, 10.20, 1.755, 1.05, 0.95, 0.90, 0.88, 0.87, 0.88, 0.90, 0.92, 0.95
Chun-Han Yang, 0.146, 10.17, 1.734, 1.07, 0.95, 0.91, 0.89, 0.87, 0.88, 0.89, 0.90, 0.93
Abdullah Abkar Mohammed, 0.112, 10.10, 1.738, 1.07, 0.96, 0.90, 0.89, 0.87, 0.88, 0.88, 0.89, 0.91
Ryota Yamagata, 0.133, 10.00, 1.697, 1.05, 0.94, 0.90, 0.87, 0.86, 0.87, 0.88, 0.89, 0.91
Tosin Ogunode, 0.125, 10.00, 1.685, 1.06, 0.94, 0.90, 0.88, 0.86, 0.87, 0.88, 0.89, 0.91
Bingtian Su, 0.143, 9.92, 1.657, 1.03, 0.93, 0.89, 0.87, 0.86, 0.87, 0.88, 0.88, 0.91
Yu Onabuta, 0.147, 10.34, 1.783, 1.08, 0.98, 0.93, 0.91, 0.90, 0.89, 0.90, 0.90, 0.92
Takuya Kawakami, 0.131, 10.33, 1.739, 1.04, 0.95, 0.91, 0.89, 0.90, 0.91, 0.93, 0.95, 0.98
Yoshihide Kiryu, 0.130, 10.22, 1.770, 1.07, 0.96, 0.91, 0.89, 0.88, 0.88, 0.89, 0.91, 0.93
Ryota Yamagata, 0.116, 10.01, 1.714, 1.06, 0.94, 0.90, 0.87, 0.86, 0.87, 0.87, 0.89, 0.92
Chun-Han Yang, 0.141, 10.28, 1.769, 1.07, 0.96, 0.92, 0.90, 0.90, 0.89, 0.90, 0.91, 0.92
Andrew Fisher, 0.140, 10.20, 1.720, 1.05, 0.94, 0.91, 0.89, 0.89, 0.89, 0.90, 0.93, 0.94
Zhiqiang Wu, 0.145, 10.18, 1.725, 1.05, 0.96, 0.91, 0.90, 0.89, 0.88, 0.90, 0.90, 0.92
Bruno Chikwadoryo Dede, , 10.29, 1.92, 1.08, 0.97, 0.92, 0.90, 0.89, 0.90, 0.89, 0.90, 0.92
Kirara Shiraishi, , 10.19, 1.91, 1.07, 0.96, 0.91, 0.89, 0.89, 0.88, 0.88, 0.89, 0.91
Kendal Williams, 0.145, 10.20, 1.745, 1.08, 0.97, 0.91, 0.89, 0.88, 0.88, 0.88, 0.90, 0.92
Cameron Burrell, 0.138, 10.12, 1.742, 1.04, 0.94, 0.90, 0.87, 0.88, 0.87, 0.89, 0.91, 0.94
Shuhei Tada, 0.157, 10.12, 1.703, 1.04, 0.95, 0.89, 0.88, 0.87, 0.88, 0.89, 0.92, 0.94
Ryota Yamagata, 0.119, 10.11, 1.761, 1.06, 0.94, 0.90, 0.88, 0.87, 0.87, 0.89, 0.90, 0.92
Lalu Muhammad Zohri, 0.179, 10.03, 1.721, 1.04, 0.93, 0.90, 0.87, 0.86, 0.86, 0.88, 0.88, 0.91
Yoshihide Kiryu, 0.138, 10.01, 1.722, 1.04, 0.94, 0.90, 0.87, 0.86, 0.86, 0.87, 0.89, 0.92
Masafumi Naoki, 0.112, 10.39, 1.758, 1.09, 0.97, 0.93, 0.91, 0.90, 0.91, 0.91, 0.94, 0.96
Keisuke Ushiro, , 11.32, 2.03, 1.15, 1.04, 1.00, 0.99, 0.99, 1.00, 1.01, 1.04, 1.07
Yuma Maruyama, , 10.94, 1.97, 1.13, 1.03, 0.99, 0.97, 0.96, 0.96, 0.97, 0.97, 0.99
Akihiko Nakamura, , 10.86, 1.92, 1.12, 1.01, 0.97, 0.96, 0.95, 0.96, 0.97, 0.99, 1.01
Ryuichiro Sakai, 0.131, 10.28, 1.709, 1.06, 0.96, 0.93, 0.90, 0.90, 0.90, 0.92, 0.92, 0.95
Soshi Mizukubo, 0.126, 10.36, 1.744, 1.08, 0.97, 0.93, 0.91, 0.91, 0.90, 0.91, 0.93, 0.95
Aska Cambridge, 0.129, 10.20, 1.741, 1.08, 0.96, 0.91, 0.89, 0.88, 0.88, 0.89, 0.91, 0.93
Shota Iizuka, 0.154, 10.24, 1.756, 1.06, 0.96, 0.91, 0.89, 0.88, 0.89, 0.89, 0.92, 0.93
Abdul Hakim Sani Brown, 0.153, 10.02, 1.747, 1.03, 0.93, 0.89, 0.87, 0.86, 0.87, 0.87, 0.89, 0.91
Yuki Koike, 0.137, 9.98, 1.743, 1.03, 0.94, 0.89, 0.87, 0.86, 0.87, 0.87, 0.88, 0.89
Hong Mi, , 10.51, 1.93, 1.05, 0.97, 0.93, 0.93, 0.91, 0.93, 0.93, 0.94, 0.99
Yingrui Quan, , 10.39, 1.95, 1.06, 0.96, 0.92, 0.90, 0.89, 0.91, 0.91, 0.93, 0.96
Dajun Xuan, , 10.29, 1.89, 1.07, 0.96, 0.92, 0.90, 0.90, 0.90, 0.91, 0.91, 0.93
Zhiqiang Wu, , 10.27, 1.93, 1.06, 0.95, 0.92, 0.88, 0.88, 0.90, 0.90, 0.91, 0.94
Jinsheng Liang, , 10.21, 1.92, 1.06, 0.94, 0.92, 0.89, 0.90, 0.89, 0.88, 0.89, 0.92
Zhouzheng Xu, , 10.20, 1.94, 1.01, 0.95, 0.91, 0.89, 0.87, 0.89, 0.90, 0.90, 0.94
Bingtian Su, , 10.19, 1.86, 1.03, 0.96, 0.91, 0.89, 0.88, 0.89, 0.91, 0.91, 0.95
Zhenye Xie, , 10.03, 1.92, 1.02, 0.96, 0.88, 0.88, 0.86, 0.86, 0.87, 0.88, 0.90
Hiroto Fujiwara, , 10.54, 1.95, 1.08, 0.98, 0.93, 0.91, 0.91, 0.91, 0.93, 0.95, 0.99
Kazuya Miyauchi, , 10.52, 1.94, 1.08, 0.97, 0.93, 0.91, 0.91, 0.92, 0.93, 0.95, 0.98
Oga Shitara, , 10.52, 1.93, 1.10, 0.98, 0.94, 0.92, 0.91, 0.91, 0.93, 0.93, 0.97
Shota Nakamura, , 10.47, 1.93, 1.08, 0.98, 0.93, 0.91, 0.90, 0.90, 0.92, 0.94, 0.98
Teppei Tsukagichi, , 10.43, 1.92, 1.09, 0.98, 0.93, 0.91, 0.89, 0.91, 0.91, 0.93, 0.96
Kosuke Iwamoto, , 10.43, 1.94, 1.08, 0.96, 0.92, 0.90, 0.90, 0.90, 0.91, 0.94, 0.98
Kanata Hayashi, , 10.29, 1.89, 1.06, 0.96, 0.91, 0.90, 0.89, 0.89, 0.91, 0.92, 0.96
Towa Uzawa, , 10.19, 1.92, 1.06, 0.95, 0.90, 0.88, 0.88, 0.88, 0.89, 0.90, 0.93
Tatsuro Miyagi, , 10.25, 1.92, 1.08, 0.97, 0.92, 0.90, 0.88, 0.89, 0.88, 0.90, 0.91
Takuya Kawakami, , 10.22, 1.83, 1.05, 0.95, 0.91, 0.89, 0.90, 0.89, 0.92, 0.93, 0.95
Bingtian Su, 0.129, 10.21, 1.731, 1.06, 0.96, 0.91, 0.89, 0.89, 0.89, 0.90, 0.92, 0.93
Zhenye Xie, 0.188, 10.14, 1.742, 1.05, 0.93, 0.90, 0.87, 0.87, 0.88, 0.88, 0.90, 0.93
Zharnel Hughes, 0.119, 10.03, 1.791, 1.06, 0.94, 0.89, 0.86, 0.86, 0.85, 0.86, 0.88, 0.92
Akani Simbine, 0.117, 9.93, 1.753, 1.05, 0.93, 0.89, 0.86, 0.86, 0.85, 0.86, 0.87, 0.89
Andre de Grasse, 0.140, 9.99, 1.740, 1.06, 0.94, 0.89, 0.86, 0.85, 0.84, 0.85, 0.86, 0.96
Justin Gatlin, 0.148, 9.89, 1.692, 1.04, 0.93, 0.89, 0.86, 0.86, 0.85, 0.86, 0.87, 0.89
Christian Coleman, 0.128, 9.76, 1.702, 1.02, 0.92, 0.87, 0.84, 0.84, 0.84, 0.85, 0.87, 0.88
Makoto Izawa, 0.107, 10.42, 1.763, 1.06, 0.97, 0.92, 0.91, 0.91, 0.91, 0.93, 0.96, 0.98
Ryota Yamagata, 0.125, 10.42, 1.745, 1.07, 0.97, 0.93, 0.92, 0.91, 0.92, 0.93, 0.94, 0.96
Hiroto Fujiwara, 0.151, 10.58, 1.769, 1.10, 0.99, 0.94, 0.92, 0.91, 0.92, 0.94, 0.95, 0.99
Kosuke Kawata, 0.128, 10.49, 1.742, 1.09, 0.98, 0.95, 0.92, 0.92, 0.92, 0.93, 0.95, 0.96
Tatsuki Goto, 0.158, 10.87, 1.792, 1.11, 1.01, 0.97, 0.95, 0.95, 0.96, 0.97, 0.99, 1.01
Mizuki Inoue, 0.151, 10.55, 1.729, 1.08, 0.99, 0.94, 0.93, 0.92, 0.93, 0.95, 0.95, 0.98
Hiroki Yanagita, 0.157, 10.25, 1.713, 1.08, 0.96, 0.92, 0.90, 0.90, 0.89, 0.90, 0.91, 0.92
Ippei Takeda, 0.149, 10.25, 1.721, 1.08, 0.96, 0.92, 0.90, 0.90, 0.89, 0.90, 0.91, 0.92
Kirara Shiraishi, , 10.31, 1.87, 1.08, 0.98, 0.93, 0.90, 0.90, 0.89, 0.91, 0.92, 0.93
Soshi Mizukubo, , 10.26, 1.86, 1.08, 0.98, 0.93, 0.90, 0.89, 0.89, 0.89, 0.91, 0.93
Shuhei Tada, , 10.18, 1.84, 1.07, 0.95, 0.91, 0.89, 0.88, 0.89, 0.90, 0.91, 0.94
Shuhei Tada, , 10.21, 1.87, 1.06, 0.95, 0.91, 0.89, 0.88, 0.89, 0.90, 0.92, 0.94
Yuki Koike, , 10.19, 1.93, 1.08, 0.96, 0.91, 0.88, 0.88, 0.87, 0.88, 0.89, 0.91
Yoshihide Kiryu, , 10.06, 1.84, 1.07, 0.95, 0.91, 0.88, 0.87, 0.87, 0.88, 0.89, 0.90
Aska Cambridge, , 10.03, 1.87, 1.07, 0.95, 0.90, 0.88, 0.86, 0.86, 0.87, 0.87, 0.90
Shoei Taka, , 10.61, 1.88, 1.11, 1.00, 0.96, 0.93, 0.93, 0.93, 0.94, 0.95, 0.98
Shota Iizuka, , 10.25, 1.88, 1.08, 0.97, 0.92, 0.90, 0.88, 0.89, 0.89, 0.91, 0.93
Jun Yamashita, 0.128, 10.37, 1.792, 1.07, 0.97, 0.92, 0.90, 0.90, 0.90, 0.91, 0.93, 0.95
Seiya Kusano, 0.123, 10.30, 1.747, 1.06, 0.97, 0.91, 0.90, 0.90, 0.90, 0.91, 0.93, 0.95
Keisuke Ushiro, , 11.41, 2.05, 1.15, 1.05, 1.01, 1.00, 0.99, 1.01, 1.03, 1.05, 1.07
Akihiko Nakamura, , 11.02, 1.97, 1.13, 1.02, 0.99, 0.97, 0.96, 0.98, 0.98, 1.00, 1.02
Shun Taue, , 11.01, 2.01, 1.13, 1.03, 0.98, 0.96, 0.96, 0.96, 0.98, 0.99, 1.01
Bruno Chikwadoryo Dede, 0.134, 10.43, 1.776, 1.07, 0.96, 0.93, 0.90, 0.91, 0.91, 0.92, 0.95, 0.97
Daisuke Miyamoto, 0.137, 10.40, 1.763, 1.07, 0.97, 0.92, 0.91, 0.90, 0.91, 0.92, 0.94, 0.96
Ryota Suzuki, 0.135, 10.41, 1.735, 1.08, 0.98, 0.93, 0.91, 0.91, 0.91, 0.93, 0.93, 0.96
Sota Miwa, 0.146, 10.45, 1.784, 1.09, 0.98, 0.93, 0.92, 0.90, 0.91, 0.92, 0.93, 0.94
Ippei Takeda, 0.146, 10.52, 1.734, 1.08, 0.98, 0.94, 0.92, 0.92, 0.92, 0.94, 0.96, 0.98
Hiroki Yanagita, 0.151, 10.43, 1.749, 1.07, 0.97, 0.92, 0.90, 0.91, 0.91, 0.92, 0.95, 0.98
Ryota Suzuki, 0.132, 10.41, 1.738, 1.08, 0.98, 0.93, 0.91, 0.91, 0.91, 0.93, 0.93, 0.96
Shushei Tada, 0.142, 10.34, 1.708, 1.06, 0.96, 0.91, 0.90, 0.90, 0.91, 0.92, 0.95, 0.98
Shota Iizuka, 0.139, 10.33, 1.751, 1.08, 0.97, 0.93, 0.90, 0.90, 0.89, 0.91, 0.92, 0.94
Yuki Koike, 0.148, 10.30, 1.752, 1.08, 0.96, 0.92, 0.90, 0.89, 0.89, 0.90, 0.92, 0.94
Aska Cambridge, 0.154, 10.28, 1.736, 1.08, 0.96, 0.92, 0.90, 0.89, 0.89, 0.90, 0.91, 0.94
Yoshihide Kiryu, 0.127, 10.27, 1.733, 1.06, 0.97, 0.92, 0.89, 0.90, 0.89, 0.91, 0.92, 0.95
慎之介 加藤, 0.175, 10.54, 1.785, 1.09, 0.99, 0.94, 0.92, 0.92, 0.91, 0.92, 0.94, 0.95
Hiroto Fujiwara, 0.153, 10.53, 1.787, 1.08, 0.97, 0.94, 0.91, 0.91, 0.92, 0.93, 0.95, 0.98
Kaishin Shimada, 0.142, 10.51, 1.748, 1.08, 0.98, 0.93, 0.92, 0.91, 0.92, 0.94, 0.95, 0.99
大樹 重谷, 0.150, 10.44, 1.750, 1.07, 0.97, 0.93, 0.92, 0.91, 0.91, 0.93, 0.94, 0.96
Shoei Taka, 0.140, 10.58, 1.740, 1.09, 0.99, 0.95, 0.93, 0.93, 0.93, 0.95, 0.95, 0.98
Sota Miwa, 0.160, 10.39, 1.770, 1.08, 0.97, 0.92, 0.90, 0.90, 0.90, 0.91, 0.93, 0.95
Hiroto Fujiwara, 0.174, 10.65, 1.806, 1.09, 0.99, 0.94, 0.92, 0.93, 0.92, 0.94, 0.96, 0.98
慎之介 加藤, 0.173, 10.62, 1.807, 1.10, 0.99, 0.95, 0.93, 0.92, 0.92, 0.93, 0.94, 0.96
Shoei Taka, 0.173, 10.61, 1.747, 1.10, 1.00, 0.95, 0.94, 0.93, 0.93, 0.93, 0.95, 0.96
Kaishin Shimada, 0.164, 10.55, 1.766, 1.09, 0.98, 0.94, 0.93, 0.91, 0.92, 0.93, 0.95, 0.97
大樹 重谷, 0.155, 10.54, 1.745, 1.09, 0.99, 0.94, 0.93, 0.92, 0.93, 0.93, 0.95, 0.96
Sota Miwa, 0.173, 10.48, 1.777, 1.09, 0.98, 0.93, 0.92, 0.91, 0.91, 0.92, 0.93, 0.94
Shinpei Fukagawa, 0.164, 10.92, 1.806, 1.11, 1.01, 0.96, 0.96, 0.95, 0.97, 0.97, 1.00, 1.02
Shota Nakamura, 0.149, 10.83, 1.781, 1.10, 1.01, 0.96, 0.95, 0.95, 0.96, 0.97, 0.99, 1.01
Kazuya Miyauchi, 0.167, 10.81, 1.763, 1.11, 1.00, 0.97, 0.95, 0.94, 0.95, 0.97, 0.98, 1.01
Oga Shitara, 0.163, 10.80, 1.777, 1.10, 1.00, 0.97, 0.95, 0.95, 0.95, 0.97, 0.98, 0.99
Shodai Hirano, 0.155, 10.78, 1.775, 1.09, 0.99, 0.96, 0.95, 0.94, 0.96, 0.96, 0.99, 1.01
Kanata Hayashi, 0.144, 10.72, 1.766, 1.09, 1.00, 0.95, 0.95, 0.94, 0.95, 0.96, 0.98, 0.99
Shuhei Tada, 0.136, 10.01, 1.694, 1.04, 0.94, 0.89, 0.87, 0.87, 0.87, 0.88, 0.90, 0.92
Ryota Yamagata, 0.127, 9.95, 1.703, 1.05, 0.94, 0.89, 0.87, 0.86, 0.86, 0.87, 0.88, 0.90
Yuhi Mori, 0.159, 10.62, 1.801, 1.09, 0.99, 0.95, 0.93, 0.93, 0.93, 0.94, 0.95, 0.95
Daiti Terasawa, 0.138, 10.59, 1.832, 1.10, 0.98, 0.94, 0.92, 0.91, 0.92, 0.93, 0.95, 0.97
So Kuboi, 0.119, 10.53, 1.781, 1.09, 0.98, 0.93, 0.92, 0.92, 0.92, 0.94, 0.95, 0.98
Makoto Shikata, 0.115, 10.52, 1.805, 1.09, 0.98, 0.94, 0.92, 0.92, 0.92, 0.93, 0.94, 0.96
Aki Saga, 0.158, 10.52, 1.762, 1.09, 0.99, 0.93, 0.92, 0.91, 0.91, 0.93, 0.95, 0.97
Rai Atago, 0.133, 10.47, 1.787, 1.09, 0.98, 0.94, 0.92, 0.91, 0.91, 0.92, 0.93, 0.95
Naoki Inoue, 0.160, 10.45, 1.760, 1.08, 0.98, 0.93, 0.92, 0.92, 0.91, 0.92, 0.93, 0.94
Hiroki Yanagita, 0.139, 10.31, 1.771, 1.07, 0.96, 0.92, 0.90, 0.89, 0.90, 0.90, 0.92, 0.94
Yoshinori Isa, 0.148, 11.66, 1.892, 1.18, 1.09, 1.04, 1.02, 1.03, 1.03, 1.06, 1.07, 1.10
Shun Taue, 0.132, 11.14, 1.818, 1.14, 1.04, 1.00, 0.98, 0.98, 0.98, 1.00, 1.02, 1.05
Yuma Maruyama, 0.130, 11.01, 1.850, 1.15, 1.03, 0.99, 0.97, 0.96, 0.96, 0.97, 0.99, 1.01
Akihiko Nakamura, 0.134, 11.06, 1.836, 1.12, 1.03, 0.99, 0.97, 0.97, 0.97, 0.99, 1.02, 1.03
Keisuke Okuda, 0.117, 10.71, 1.803, 1.11, 1.00, 0.96, 0.94, 0.94, 0.93, 0.95, 0.97, 0.99
Keisuke Ushiro, , 11.45, 2.05, 1.15, 1.06, 1.02, 1.00, 1.00, 1.02, 1.02, 1.05, 1.08
Shun Taue, , 11.12, 1.97, 1.14, 1.03, 0.99, 0.97, 0.97, 0.98, 1.00, 1.02, 1.05
Akihiko Nakamura, , 10.93, 1.93, 1.12, 1.02, 0.97, 0.96, 0.96, 0.97, 0.98, 1.00, 1.02
Keisuke Okuda, , 10.82, 1.94, 1.12, 1.01, 0.96, 0.95, 0.94, 0.95, 0.96, 0.98, 1.01
Mizuki Senda, 0.131, 10.75, 1.799, 1.12, 1.01, 0.96, 0.95, 0.94, 0.94, 0.95, 0.97, 0.98
Riki Tamura, 0.126, 10.71, 1.764, 1.11, 1.00, 0.95, 0.95, 0.94, 0.94, 0.96, 0.98, 0.99
Yota Tsurumaki, 0.150, 10.70, 1.760, 1.11, 1.00, 0.96, 0.94, 0.94, 0.94, 0.95, 0.96, 0.99
Kaito Kuroki, 0.149, 10.67, 1.741, 1.10, 1.00, 0.95, 0.94, 0.93, 0.94, 0.96, 0.97, 0.99
Takuma Kojima, 0.150, 10.57, 1.750, 1.09, 0.98, 0.95, 0.93, 0.93, 0.93, 0.94, 0.95, 0.97
Ruo Ekejunia, 0.141, 10.54, 1.789, 1.10, 0.99, 0.93, 0.92, 0.91, 0.92, 0.93, 0.94, 0.97
Kouei Tachibana, 0.139, 10.54, 1.751, 1.09, 0.98, 0.94, 0.93, 0.92, 0.93, 0.93, 0.96, 0.97
Yuta Sekiguchi, 0.157, 10.38, 1.703, 1.08, 0.97, 0.92, 0.91, 0.91, 0.92, 0.92, 0.93, 0.96
Fall Mouhamadou, 0.136, 10.25, 1.864, 1.06, 0.95, 0.91, 0.88, 0.89, 0.87, 0.88, 0.89, 0.92
Jermiah Azu, 0.166, 10.20, 1.744, 1.06, 0.95, 0.91, 0.90, 0.89, 0.88, 0.88, 0.89, 0.93
Yohan Blake, 0.148, 10.18, 1.692, 1.08, 0.95, 0.91, 0.90, 0.90, 0.88, 0.89, 0.90, 0.93
Trayvon Bromell, 0.139, 10.10, 1.711, 1.04, 0.94, 0.91, 0.89, 0.88, 0.88, 0.88, 0.89, 0.94
Letsile Tebogo, 0.173, 10.09, 1.737, 1.05, 0.96, 0.91, 0.88, 0.88, 0.87, 0.86, 0.87, 0.90
Ferdinand Omanyala, 0.164, 10.05, 1.746, 1.07, 0.92, 0.88, 0.87, 0.86, 0.85, 0.90, 0.86, 0.93
Akani Simbine, 0.162, 9.99, 1.768, 1.05, 0.94, 0.89, 0.87, 0.86, 0.85, 0.85, 0.87, 0.88
Fred Kerley, 0.149, 9.94, 1.731, 1.03, 0.94, 0.89, 0.87, 0.87, 0.85, 0.86, 0.86, 0.89
Marvin Bracy-Williams, 0.212, 10.23, 1.728, 1.04, 0.94, 0.90, 0.88, 0.88, 0.88, 0.88, 0.90, 0.99
Yohan Blake, 0.143, 10.15, 1.727, 1.05, 0.95, 0.90, 0.89, 0.89, 0.89, 0.89, 0.89, 0.93
Rohan Browning, 0.128, 10.15, 1.802, 1.07, 0.93, 0.90, 0.85, 0.90, 0.87, 0.89, 0.89, 0.92
Samuele Ceccarelli, 0.160, 10.13, 1.750, 1.03, 0.94, 0.90, 0.90, 0.89, 0.88, 0.86, 0.90, 0.92
Akani Simbine, 0.164, 10.09, 1.786, 1.05, 0.95, 0.94, 0.91, 0.90, 0.77, 0.87, 0.86, 0.89
Trayvon Bromell, 0.162, 10.09, 1.738, 1.03, 0.95, 0.90, 0.88, 0.88, 0.87, 0.88, 0.88, 0.92
Ferdinand Omanyala, 0.172, 10.05, 1.768, 1.03, 0.93, 0.89, 0.87, 0.87, 0.85, 0.88, 0.88, 0.91
Fred Kerley, 0.157, 9.94, 1.763, 1.02, 0.94, 0.89, 0.87, 0.86, 0.85, 0.86, 0.85, 0.88
Onyema Adigida, 0.187, 10.65, 1.803, 1.09, 0.99, 0.96, 0.92, 0.92, 0.92, 0.93, 0.94, 0.99
Antoine Snyders, 0.141, 10.64, 1.869, 1.11, 0.99, 0.94, 0.92, 0.91, 0.92, 0.92, 0.95, 0.97
Cedrych van der Graaf, 0.137, 10.60, 1.823, 1.08, 0.98, 0.94, 0.93, 0.92, 0.92, 0.94, 0.95, 0.98
Cédric Fini, 0.139, 10.59, 1.841, 1.10, 1.00, 0.96, 0.93, 0.91, 0.92, 0.92, 0.93, 0.94
Valentijn Hoornaert, 0.137, 10.57, 1.823, 1.08, 0.98, 0.93, 0.93, 0.92, 0.92, 0.93, 0.94, 0.98
Hensley Paulina, 0.110, 10.40, 1.820, 1.10, 0.97, 0.93, 0.91, 0.91, 0.90, 0.90, 0.91, 0.94
Joris van Gool, 0.143, 10.39, 1.777, 1.06, 0.96, 0.92, 0.92, 0.91, 0.91, 0.92, 0.92, 0.95
Nskiak Ekpo, 0.141, 10.35, 1.789, 1.09, 0.96, 0.93, 0.90, 0.90, 0.90, 0.90, 0.91, 0.93
Jermiah Azu, 0.135, 10.21, 1.745, 1.05, 0.95, 0.91, 0.90, 0.89, 0.89, 0.90, 0.90, 0.94
Benjamin Azamati, 0.123, 10.18, 1.797, 1.05, 0.94, 0.89, 0.89, 0.87, 0.89, 0.89, 0.90, 0.94
Aaron Brown, 0.186, 10.15, 1.684, 1.06, 0.95, 0.92, 0.90, 0.89, 0.88, 0.89, 0.88, 0.91
Ronnie Baker, 0.135, 10.13, 1.735, 1.06, 0.95, 0.91, 0.88, 0.88, 0.88, 0.89, 0.88, 0.93
Marvin Bracy-Williams, 0.142, 10.10, 1.738, 1.06, 0.94, 0.89, 0.88, 0.87, 0.88, 0.88, 0.88, 0.94
Raphael Bouju, 0.140, 10.09, 1.720, 1.05, 0.95, 0.90, 0.89, 0.88, 0.88, 0.88, 0.88, 0.92
Yohan Blake, 0.140, 10.05, 1.710, 1.05, 0.95, 0.90, 0.89, 0.88, 0.87, 0.87, 0.88, 0.91
Reece Prescod, 0.126, 9.99, 1.774, 1.05, 0.94, 0.90, 0.87, 0.87, 0.86, 0.86, 0.85, 0.89
Fall Mouhamadou, 0.152, 10.22, 1.758, 1.07, 0.95, 0.91, 0.89, 0.88, 0.89, 0.89, 0.89, 0.94
Lamont Marcell Jacobs, 0.140, 10.21, 1.730, 1.05, 0.95, 0.90, 0.89, 0.89, 0.88, 0.90, 0.92, 0.96
Benjamin Azamati, 0.187, 10.20, 1.703, 1.05, 0.94, 0.91, 0.89, 0.88, 0.89, 0.90, 0.90, 0.95
Ronnie Baker, 0.151, 10.17, 1.709, 1.05, 0.94, 0.91, 0.89, 0.89, 0.89, 0.89, 0.90, 0.95
Yohan Blake, 0.145, 10.16, 1.715, 1.05, 0.95, 0.90, 0.89, 0.89, 0.88, 0.89, 0.90, 0.95
Letsile Tebogo, 0.148, 10.05, 1.712, 1.06, 0.95, 0.90, 0.89, 0.88, 0.86, 0.86, 0.88, 0.91
Ferdinand Omanyala, 0.159, 9.98, 1.741, 1.04, 0.93, 0.87, 0.87, 0.87, 0.85, 0.86, 0.88, 0.91
Noah Lyles, 0.167, 9.97, 1.773, 1.05, 0.94, 0.89, 0.87, 0.85, 0.85, 0.85, 0.85, 0.88
Marc Perrin, 0.139, 10.95, 1.801, 1.07, 0.99, 0.95, 0.95, 0.96, 0.98, 0.99, 1.02, 1.10
Alan Pichonnaz, 0.173, 10.94, 1.927, 1.12, 1.00, 0.96, 0.94, 0.94, 0.95, 0.96, 0.98, 0.99
Lucien Kern, 0.149, 10.88, 1.871, 1.10, 1.00, 0.96, 0.95, 0.94, 0.96, 0.97, 0.99, 0.99
Joshua Eichenberger, 0.131, 10.74, 1.819, 1.10, 0.99, 0.96, 0.94, 0.95, 0.94, 0.96, 0.97, 0.98
Joël Csontos, 0.161, 10.74, 1.789, 1.10, 1.00, 0.96, 0.93, 0.94, 0.94, 0.95, 0.97, 1.00
Alexis Hirsiger, 0.183, 10.73, 1.807, 1.09, 1.00, 0.95, 0.93, 0.94, 0.94, 0.95, 0.96, 0.98
Felix Svensson, 0.144, 10.60, 1.836, 1.09, 0.99, 0.94, 0.93, 0.92, 0.92, 0.93, 0.94, 0.96
Pascal Mancini, 0.139, 10.52, 1.801, 1.08, 0.98, 0.93, 0.93, 0.91, 0.92, 0.92, 0.95, 0.96
Milo Wahlgren, 0.140, 10.81, 1.860, 1.09, 1.01, 0.95, 0.95, 0.95, 0.94, 0.95, 0.98, 0.99
Viktor Thor, 0.145, 10.71, 1.825, 1.10, 1.00, 0.96, 0.93, 0.94, 0.93, 0.95, 0.96, 0.97
Simon Plesse, 0.194, 10.67, 1.796, 1.07, 0.98, 0.94, 0.94, 0.92, 0.94, 0.95, 0.97, 0.97
Isak Hughes, 0.142, 10.57, 1.858, 1.08, 0.99, 0.94, 0.92, 0.92, 0.91, 0.94, 0.94, 0.93
Desmond Rogo, 0.133, 10.55, 1.857, 1.10, 0.99, 0.95, 0.92, 0.91, 0.91, 0.92, 0.93, 0.93
Jerome Blake, 0.147, 10.30, 1.853, 1.07, 0.98, 0.92, 0.90, 0.88, 0.87, 0.89, 0.90, 0.89
Benjamin Richardson, 0.163, 10.24, 1.777, 1.07, 0.96, 0.91, 0.89, 0.88, 0.89, 0.88, 0.91, 0.91
Joshua Hartmann, 0.153, 10.23, 1.807, 1.06, 0.96, 0.91, 0.89, 0.89, 0.87, 0.89, 0.90, 0.90
Jimmy Vicaut, 0.159, 13.34, 1.811, 1.13, 1.01, 1.00, 1.02, 1.07, 1.16, 1.31, 1.58, 2.09
Henrik Larsson, 0.129, 10.46, 1.781, 1.08, 0.98, 0.93, 0.91, 0.91, 0.91, 0.92, 0.93, 0.98
Abdul Hakim Sani Brown, 0.148, 10.33, 1.762, 1.06, 0.96, 0.90, 0.90, 0.89, 0.89, 0.90, 0.93, 0.99
Aaron Brown, 0.147, 10.27, 1.773, 1.06, 0.96, 0.91, 0.87, 0.89, 0.88, 0.90, 0.91, 0.97
Raphael Bouju, 0.142, 10.24, 1.748, 1.07, 0.97, 0.91, 0.90, 0.89, 0.88, 0.90, 0.90, 0.93
Joshua Hartmann, 0.160, 10.23, 1.730, 1.08, 0.96, 0.92, 0.90, 0.89, 0.89, 0.90, 0.92, 0.88
Reece Prescod, 0.110, 10.14, 1.810, 1.07, 0.94, 0.90, 0.88, 0.87, 0.87, 0.87, 0.89, 0.93
Pjai Austin, 0.155, 10.23, 1.765, 1.05, 0.96, 0.90, 0.89, 0.89, 0.88, 0.89, 0.92, 0.93
Ackeem Blake, 0.148, 10.15, 1.752, 1.03, 0.94, 0.90, 0.89, 0.87, 0.89, 0.88, 0.90, 0.95
Marvin Bracy-Williams, 0.138, 10.10, 1.772, 1.04, 0.94, 0.90, 0.87, 0.87, 0.87, 0.88, 0.90, 0.92
Yohan Blake, 0.166, 10.01, 1.724, 1.04, 0.93, 0.90, 0.88, 0.86, 0.87, 0.86, 0.88, 0.90
Cravont Charleston, 0.151, 9.99, 1.709, 1.02, 0.93, 0.90, 0.87, 0.87, 0.87, 0.87, 0.89, 0.91
Fred Kerley, 0.152, 9.98, 1.748, 1.03, 0.94, 0.90, 0.87, 0.86, 0.86, 0.87, 0.87, 0.88
Akani Simbine, 0.150, 9.97, 1.770, 1.05, 0.94, 0.89, 0.86, 0.86, 0.85, 0.86, 0.86, 0.88
Arthur Cissé, 0.156, 10.21, 1.754, 1.05, 0.93, 0.89, 0.89, 0.87, 0.89, 0.90, 0.92, 0.96
Courtney Lindsey, 0.171, 10.16, 1.749, 1.04, 0.95, 0.91, 0.89, 0.88, 0.87, 0.89, 0.90, 0.91
Joshua Hartmann, 0.159, 10.15, 1.771, 1.06, 0.95, 0.90, 0.88, 0.87, 0.88, 0.88, 0.89, 0.91
Kishane Thompson, 0.186, 10.04, 1.734, 1.03, 0.93, 0.88, 0.87, 0.86, 0.87, 0.87, 0.89, 0.92
Yohan Blake, 0.159, 10.01, 1.721, 1.04, 0.94, 0.89, 0.88, 0.86, 0.87, 0.88, 0.87, 0.90
Akeem Blake, 0.140, 10.00, 1.730, 1.03, 0.93, 0.89, 0.88, 0.87, 0.87, 0.88, 0.89, 0.89
Letsile Tebogo, 0.138, 9.93, 1.732, 1.05, 0.95, 0.90, 0.87, 0.86, 0.85, 0.86, 0.85, 0.87
Ferdinand Omanyala, 0.156, 9.92, 1.754, 1.04, 0.93, 0.87, 0.86, 0.86, 0.85, 0.86, 0.87, 0.87
Haijian Zhang, 0.151, 10.41, 1.769, 1.05, 0.95, 0.91, 0.90, 0.91, 0.91, 0.93, 0.95, 0.98
Jiapeng Chen, 0.133, 10.39, 1.867, 1.08, 0.96, 0.92, 0.89, 0.89, 0.89, 0.91, 0.92, 0.93
Haibin Yan, 0.188, 10.35, 1.782, 1.07, 0.95, 0.91, 0.89, 0.90, 0.90, 0.91, 0.92, 0.93
Guanfeng Chen, 0.146, 10.34, 1.774, 1.05, 0.95, 0.91, 0.89, 0.89, 0.90, 0.92, 0.94, 0.97
Zhijian Deng, 0.145, 10.33, 1.785, 1.08, 0.95, 0.92, 0.90, 0.89, 0.90, 0.91, 0.92, 0.93
Shuang Wang, 0.130, 10.27, 1.800, 1.06, 0.96, 0.91, 0.89, 0.89, 0.89, 0.90, 0.92, 0.92
Rohan Watson, 0.140, 10.18, 1.770, 1.07, 0.97, 0.91, 0.89, 0.88, 0.87, 0.88, 0.89, 0.91
Zhenye Xie, 0.151, 10.12, 1.779, 1.03, 0.94, 0.89, 0.88, 0.87, 0.88, 0.88, 0.89, 0.93
Lamont Marcell Jacobs, 0.131, 10.05, 1.759, 1.06, 0.94, 0.90, 0.87, 0.86, 0.86, 0.88, 0.88, 0.91
Yohan Blake, 0.143, 10.04, 1.727, 1.05, 0.94, 0.91, 0.88, 0.87, 0.86, 0.88, 0.88, 0.90
Marvin Bracy-Williams, 0.125, 10.02, 1.765, 1.05, 0.93, 0.89, 0.87, 0.87, 0.86, 0.87, 0.88, 0.91
Brandon Carnes, 0.127, 10.01, 1.743, 1.06, 0.95, 0.90, 0.88, 0.86, 0.86, 0.87, 0.87, 0.89
Fred Kerley, 0.159, 9.96, 1.731, 1.05, 0.94, 0.90, 0.86, 0.86, 0.86, 0.86, 0.86, 0.88
Kishane Thompson, 0.145, 9.85, 1.725, 1.04, 0.91, 0.87, 0.86, 0.85, 0.85, 0.85, 0.87, 0.88
Mateo Bogaert, 0.145, 11.37, 1.955, 1.15, 1.04, 1.01, 0.99, 1.00, 0.99, 1.01, 1.03, 1.05
Tiago Lecomte, 0.155, 11.30, 1.905, 1.15, 1.05, 1.01, 1.00, 0.99, 0.99, 1.00, 1.01, 1.04
Robbe Carchon, 0.152, 11.29, 1.898, 1.14, 1.04, 1.00, 0.99, 1.00, 1.00, 1.01, 1.02, 1.04
Kobe van Raemdonck, 0.160, 11.22, 1.880, 1.15, 1.03, 0.98, 0.98, 0.98, 0.99, 1.00, 1.03, 1.04
Jilcien Planchon, 0.135, 11.12, 1.885, 1.12, 1.02, 0.97, 0.97, 0.97, 0.98, 0.99, 1.03, 1.05
Xavier Rousseau, 0.180, 11.08, 1.920, 1.13, 1.02, 0.98, 0.97, 0.96, 0.96, 0.97, 0.99, 1.00
Niels van de Cloodt, 0.172, 11.07, 1.878, 1.11, 1.02, 0.97, 0.97, 0.97, 0.97, 0.99, 1.00, 1.02
Rune Vandezande, 0.137, 10.99, 1.893, 1.12, 1.01, 0.97, 0.96, 0.95, 0.97, 0.97, 1.00, 1.01
Letsile Tebogo, 0.146, 10.61, 1.754, 1.06, 0.94, 0.90, 0.88, 0.87, 0.90, 0.92, 1.02, 1.22
Joshua Hartmann, 0.152, 10.30, 1.798, 1.06, 0.96, 0.90, 0.89, 0.88, 0.88, 0.89, 0.90, 0.99
Yohan Blake, 0.147, 10.08, 1.733, 1.04, 0.95, 0.91, 0.89, 0.87, 0.87, 0.87, 0.89, 0.91
Marvin Bracy-Williams, 0.136, 10.01, 1.764, 1.03, 0.93, 0.89, 0.87, 0.86, 0.87, 0.86, 0.88, 0.92
Kishane Thompson, 0.129, 9.87, 1.741, 1.02, 0.92, 0.87, 0.85, 0.85, 0.86, 0.85, 0.87, 0.91
Ferdinand Omanyala, 0.135, 9.85, 1.775, 1.01, 0.92, 0.87, 0.85, 0.84, 0.84, 0.86, 0.87, 0.88
Noah Lyles, 0.155, 9.85, 1.785, 1.04, 0.92, 0.88, 0.86, 0.84, 0.83, 0.84, 0.84, 0.86
Christian Coleman, 0.147, 9.83, 1.723, 1.02, 0.91, 0.87, 0.85, 0.84, 0.85, 0.86, 0.86, 0.90
Emanuele di Marino, 0.137, 12.44, 2.113, 1.23, 1.14, 1.10, 1.10, 1.10, 1.10, 1.12, 1.13, 1.17
Nicholas Mayhugh, 0.173, 11.90, 1.937, 1.17, 1.08, 1.04, 1.03, 1.04, 1.08, 1.09, 1.12, 1.14
Andreas Walser, 0.175, 11.65, 1.965, 1.18, 1.06, 1.03, 1.01, 1.01, 1.03, 1.03, 1.06, 1.10
Olivier Hendriks, 0.209, 11.39, 2.031, 1.19, 1.06, 1.01, 0.98, 0.95, 0.97, 0.97, 0.99, 1.03
Axel Zorzi, 0.166, 11.29, 1.894, 1.13, 1.01, 0.99, 0.98, 0.98, 0.99, 1.03, 1.03, 1.09
Jaydin Blackwell, 0.204, 11.01, 1.906, 1.10, 1.01, 0.97, 0.95, 0.95, 0.96, 0.97, 0.98, 1.01
Zachary Shaw, 0.147, 10.99, 1.903, 1.13, 1.01, 0.98, 0.95, 0.95, 0.95, 0.96, 0.98, 1.03
Noah Malone, 0.157, 10.72, 1.793, 1.07, 0.99, 0.94, 0.94, 0.92, 0.95, 0.96, 0.98, 1.02